timestamp,  bpm,  average bpm,  red,  ir,  HR,  HRvalid,  SPO2,  SPO2Valid
08:47:27.971, 78.95, 61, 60628, 19019, 187, 0, 94, 1
08:47:28.039, 78.95, 61, 60325, 18918, 187, 0, 94, 1
08:47:28.147, 78.95, 61, 60603, 19151, 187, 0, 94, 1
08:47:28.252, 78.95, 61, 61217, 19389, 187, 0, 94, 1
08:47:28.357, 78.95, 61, 62061, 19701, 187, 0, 94, 1
08:47:28.427, 78.95, 61, 62621, 19954, 187, 0, 94, 1
08:47:28.567, 78.95, 61, 62265, 19249, 187, 0, 94, 1
08:47:28.641, 78.95, 61, 60633, 19095, 187, 0, 94, 1
08:47:28.748, 78.95, 61, 61289, 19343, 187, 0, 94, 1
08:47:28.822, 78.95, 61, 61292, 19175, 187, 0, 94, 1
08:47:28.965, 78.95, 61, 60746, 19101, 187, 0, 94, 1
08:47:29.035, 78.95, 61, 61103, 19233, 187, 0, 94, 1
08:47:29.176, 78.95, 61, 61615, 19376, 187, 0, 94, 1
08:47:29.251, 78.95, 61, 61812, 19428, 187, 0, 94, 1
08:47:29.358, 78.95, 61, 62076, 19103, 187, 0, 94, 1
08:47:29.430, 78.95, 61, 59842, 18276, 187, 0, 94, 1
08:47:29.542, 78.95, 61, 59243, 18393, 187, 0, 94, 1
08:47:29.650, 88.11, 66, 59605, 18427, 187, 0, 94, 1
08:47:29.760, 88.11, 66, 59173, 18278, 187, 0, 94, 1
08:47:29.831, 88.11, 66, 59513, 18508, 187, 0, 94, 1
08:47:29.975, 88.11, 66, 60405, 18808, 187, 0, 94, 1
08:47:30.047, 88.11, 66, 60811, 18913, 187, 0, 94, 1
08:47:30.155, 88.11, 66, 61115, 18922, 187, 0, 94, 1
08:47:30.222, 88.11, 66, 59853, 17942, 187, 0, 94, 1
08:47:30.367, 88.11, 66, 58026, 17830, 187, 0, 94, 1
08:47:30.442, 88.11, 66, 58572, 17999, 187, 0, 94, 1
08:47:30.550, 88.11, 66, 58508, 17836, 187, 0, 94, 1
08:47:30.622, 88.11, 66, 58561, 18026, 187, 0, 94, 1
08:47:30.766, 88.11, 66, 59674, 18458, 187, 0, 94, 1
08:47:30.840, 88.11, 66, 60221, 18611, 187, 0, 94, 1
08:47:30.944, 88.11, 66, 60586, 18759, 187, 0, 94, 1
08:47:31.050, 88.11, 66, 60415, 18108, 187, 0, 94, 1
08:47:31.156, 88.11, 66, 57819, 17668, 187, 0, 94, 1
08:47:31.229, 88.11, 66, 58487, 17940, 187, 0, 94, 1
08:47:31.372, 88.11, 66, 58877, 17894, 187, 0, 94, 1
08:47:31.445, 88.11, 66, 58703, 18002, 187, 0, 94, 1
08:47:31.550, 88.11, 66, 59678, 18417, 187, 0, 94, 1
08:47:31.624, 88.11, 66, 60328, 18626, 187, 0, 94, 1
08:47:31.761, 88.11, 66, 60838, 18805, 187, 0, 94, 1
08:47:31.831, 88.11, 66, 61232, 18752, 187, 0, 94, 1
08:47:31.977, 88.11, 66, 58798, 17812, 187, 0, 94, 1
08:47:32.050, 62.5, 65, 58979, 18084, 187, 0, 94, 1
08:47:32.163, 62.5, 65, 59739, 18204, 187, 0, 94, 1
08:47:32.239, 62.5, 65, 59409, 18126, 187, 0, 94, 1
08:47:32.347, 62.5, 65, 59971, 18487, 187, 0, 94, 1
08:47:32.454, 62.5, 65, 60662, 18729, 187, 0, 94, 1
08:47:32.559, 62.5, 65, 61070, 18816, 187, 0, 94, 1
08:47:32.629, 62.5, 65, 61043, 18372, 187, 0, 94, 1
08:47:32.773, 62.5, 65, 58683, 17833, 187, 0, 94, 1
08:47:32.844, 62.5, 65, 59067, 18004, 187, 0, 94, 1
08:47:32.949, 62.5, 65, 59421, 17989, 136, 0, 100, 1
08:47:33.022, 62.5, 65, 59278, 18072, 136, 0, 100, 1
08:47:33.165, 62.5, 65, 60067, 18431, 136, 0, 100, 1
08:47:33.233, 62.5, 65, 60621, 18610, 136, 0, 100, 1
08:47:33.341, 62.5, 65, 60981, 18711, 136, 0, 100, 1
08:47:33.450, 62.5, 65, 60565, 18025, 136, 0, 100, 1
08:47:33.557, 62.5, 65, 58518, 17708, 136, 0, 100, 1
08:47:33.628, 62.5, 65, 58920, 17867, 136, 0, 100, 1
08:47:33.773, 62.5, 65, 58957, 17739, 136, 0, 100, 1
08:47:33.843, 62.5, 65, 58851, 17848, 136, 0, 100, 1
08:47:33.947, 79.05, 76, 59704, 18213, 136, 0, 100, 1
08:47:34.020, 79.05, 76, 60182, 18353, 136, 0, 100, 1
08:47:34.163, 79.05, 76, 60582, 18407, 136, 0, 100, 1
08:47:34.233, 79.05, 76, 59559, 17586, 136, 0, 100, 1
08:47:34.373, 79.05, 76, 58151, 17521, 136, 0, 100, 1
08:47:34.440, 79.05, 76, 58535, 17631, 136, 0, 100, 1
08:47:34.545, 79.05, 76, 58319, 17496, 136, 0, 100, 1
08:47:34.620, 79.05, 76, 58453, 17686, 136, 0, 100, 1
08:47:34.759, 79.05, 76, 59248, 17953, 136, 0, 100, 1
08:47:34.828, 79.05, 76, 59615, 18078, 136, 0, 100, 1
08:47:34.967, 79.05, 76, 60007, 18032, 136, 0, 100, 1
08:47:35.036, 79.05, 76, 58725, 17315, 136, 0, 100, 1
08:47:35.146, 79.05, 76, 58086, 17487, 136, 0, 100, 1
08:47:35.216, 79.05, 76, 58663, 17646, 136, 0, 100, 1
08:47:35.357, 79.05, 76, 58528, 17582, 136, 0, 100, 1
08:47:35.426, 79.05, 76, 58848, 17811, 150, 0, 97, 1
08:47:35.568, 79.05, 76, 59780, 18163, 150, 0, 97, 1
08:47:35.635, 79.05, 76, 60169, 18285, 150, 0, 97, 1
08:47:35.741, 83.33, 78, 60478, 18016, 150, 0, 97, 1
08:47:35.848, 83.33, 78, 58689, 17486, 150, 0, 97, 1
08:47:35.957, 83.33, 78, 58744, 17706, 150, 0, 97, 1
08:47:36.028, 83.33, 78, 59097, 17743, 150, 0, 97, 1
08:47:36.170, 83.33, 78, 58687, 17658, 150, 0, 97, 1
08:47:36.241, 83.33, 78, 59065, 17890, 150, 0, 97, 1
08:47:36.348, 83.33, 78, 59808, 18131, 150, 0, 97, 1
08:47:36.422, 83.33, 78, 60046, 18214, 150, 0, 97, 1
08:47:36.570, 83.33, 78, 58721, 17223, 150, 0, 97, 1
08:47:36.642, 83.33, 78, 57480, 17192, 150, 0, 97, 1
08:47:36.747, 83.33, 78, 58075, 17384, 150, 0, 97, 1
08:47:36.850, 83.33, 78, 58049, 17275, 150, 0, 97, 1
08:47:36.955, 83.33, 78, 58127, 17522, 150, 0, 97, 1
08:47:37.026, 83.33, 78, 58830, 17813, 150, 0, 97, 1
08:47:37.165, 83.33, 78, 59590, 18044, 150, 0, 97, 1
08:47:37.234, 83.33, 78, 59860, 18128, 150, 0, 97, 1
08:47:37.344, 83.33, 78, 58135, 17078, 150, 0, 97, 1
08:47:37.416, 83.33, 78, 57229, 17116, 150, 0, 97, 1
08:47:37.556, 83.33, 78, 57890, 17325, 150, 0, 97, 1
08:47:37.630, 83.33, 78, 57843, 17265, 150, 0, 97, 1
08:47:37.735, 74.91, 74, 58184, 17601, 150, 0, 97, 1
08:47:37.846, 74.91, 74, 58887, 17865, 150, 0, 97, 1
08:47:37.948, 74.91, 74, 59622, 18107, 214, 0, 94, 1
08:47:38.021, 74.91, 74, 59912, 18250, 214, 0, 94, 1
08:47:38.162, 74.91, 74, 58619, 17382, 214, 0, 94, 1
08:47:38.238, 74.91, 74, 57861, 17507, 214, 0, 94, 1
08:47:38.348, 74.91, 74, 58618, 17746, 214, 0, 94, 1
08:47:38.422, 74.91, 74, 58650, 17760, 214, 0, 94, 1
08:47:38.566, 74.91, 74, 59142, 18121, 214, 0, 94, 1
08:47:38.633, 74.91, 74, 59907, 18412, 214, 0, 94, 1
08:47:38.740, 74.91, 74, 60772, 18727, 214, 0, 94, 1
08:47:38.850, 74.91, 74, 61114, 18875, 214, 0, 94, 1
08:47:38.960, 74.91, 74, 60449, 18209, 214, 0, 94, 1
08:47:39.034, 74.91, 74, 59497, 18257, 214, 0, 94, 1
08:47:39.140, 74.91, 74, 60197, 18493, 214, 0, 94, 1
08:47:39.213, 74.91, 74, 60267, 18425, 214, 0, 94, 1
08:47:39.356, 74.91, 74, 60397, 18655, 214, 0, 94, 1
08:47:39.424, 74.91, 74, 61002, 18894, 214, 0, 94, 1
08:47:39.566, 74.91, 74, 61611, 19079, 214, 0, 94, 1
08:47:39.638, 74.91, 74, 61911, 19088, 214, 0, 94, 1
08:47:39.747, 74.91, 74, 60106, 18352, 214, 0, 94, 1
08:47:39.819, 74.91, 74, 60147, 18483, 214, 0, 94, 1
08:47:39.960, 68.18, 76, 60646, 18560, 214, 0, 94, 1
08:47:40.032, 68.18, 76, 60448, 18540, 214, 0, 94, 1
08:47:40.138, 68.18, 76, 60939, 18829, 214, 0, 94, 1
08:47:40.243, 68.18, 76, 61454, 18986, 214, 0, 94, 1
08:47:40.351, 68.18, 76, 61855, 19093, 214, 0, 94, 1
08:47:40.422, 68.18, 76, 61852, 18693, 187, 0, 96, 1
08:47:40.564, 68.18, 76, 59507, 18073, 187, 0, 96, 1
08:47:40.635, 68.18, 76, 59761, 18210, 187, 0, 96, 1
08:47:40.741, 68.18, 76, 59972, 18164, 187, 0, 96, 1
08:47:40.816, 68.18, 76, 59733, 18179, 187, 0, 96, 1
08:47:40.954, 68.18, 76, 60440, 18521, 187, 0, 96, 1
08:47:41.026, 68.18, 76, 60928, 18647, 187, 0, 96, 1
08:47:41.168, 68.18, 76, 61264, 18732, 187, 0, 96, 1
08:47:41.239, 68.18, 76, 60555, 17958, 187, 0, 96, 1
08:47:41.350, 68.18, 76, 58838, 17798, 187, 0, 96, 1
08:47:41.417, 68.18, 76, 59192, 17896, 187, 0, 96, 1
08:47:41.556, 68.18, 76, 59122, 17792, 187, 0, 96, 1
08:47:41.626, 68.18, 76, 59142, 17947, 187, 0, 96, 1
08:47:41.734, 68.18, 76, 60020, 18305, 187, 0, 96, 1
08:47:41.843, 68.18, 76, 60531, 18446, 187, 0, 96, 1
08:47:41.950, 68.18, 76, 60917, 18461, 187, 0, 96, 1
08:47:42.021, 68.18, 76, 59766, 17683, 187, 0, 96, 1
08:47:42.169, 68.18, 73, 58796, 17792, 187, 0, 96, 1
08:47:42.240, 68.18, 73, 59385, 17943, 187, 0, 96, 1
08:47:42.350, 68.18, 73, 59326, 17901, 187, 0, 96, 1
08:47:42.421, 68.18, 73, 59651, 18119, 187, 0, 96, 1
08:47:42.568, 68.18, 73, 60653, 18547, 187, 0, 96, 1
08:47:42.640, 68.18, 73, 61195, 18688, 187, 0, 96, 1
08:47:42.747, 68.18, 73, 61632, 18696, 187, 0, 96, 1
08:47:42.822, 68.18, 73, 60306, 17925, 187, 0, 96, 1
08:47:42.961, 68.18, 73, 59640, 18086, 150, 0, 99, 1
08:47:43.033, 68.18, 73, 60146, 18208, 150, 0, 99, 1
08:47:43.138, 68.18, 73, 59930, 18102, 150, 0, 99, 1
08:47:43.213, 68.18, 73, 60175, 18290, 150, 0, 99, 1
08:47:43.358, 68.18, 73, 61097, 18617, 150, 0, 99, 1
08:47:43.431, 68.18, 73, 61319, 18656, 150, 0, 99, 1
08:47:43.537, 68.18, 73, 60652, 17878, 150, 0, 99, 1
08:47:43.642, 68.18, 73, 58860, 17614, 150, 0, 99, 1
08:47:43.751, 68.18, 73, 59426, 17917, 150, 0, 99, 1
08:47:43.822, 68.18, 73, 59710, 17854, 150, 0, 99, 1
08:47:43.964, 83.22, 73, 59547, 17993, 150, 0, 99, 1
08:47:44.033, 83.22, 73, 60128, 18237, 150, 0, 99, 1
08:47:44.138, 83.22, 73, 60885, 18468, 150, 0, 99, 1
08:47:44.247, 83.22, 73, 61050, 18485, 150, 0, 99, 1
08:47:44.359, 83.22, 73, 59013, 17317, 150, 0, 99, 1
08:47:44.426, 83.22, 73, 58171, 17399, 150, 0, 99, 1
08:47:44.565, 83.22, 73, 58849, 17589, 150, 0, 99, 1
08:47:44.634, 83.22, 73, 58672, 17451, 150, 0, 99, 1
08:47:44.742, 83.22, 73, 58889, 17777, 150, 0, 99, 1
08:47:44.815, 83.22, 73, 59598, 18021, 150, 0, 99, 1
08:47:44.954, 83.22, 73, 60229, 18204, 150, 0, 99, 1
08:47:45.028, 83.22, 73, 60438, 17951, 150, 0, 99, 1
08:47:45.135, 83.22, 73, 57571, 17088, 150, 0, 99, 1
08:47:45.241, 83.22, 73, 57805, 17298, 150, 0, 99, 1
08:47:45.351, 83.22, 73, 58319, 17374, 150, 0, 99, 1
08:47:45.419, 83.22, 73, 58029, 17370, 136, 0, 99, 1
08:47:45.559, 83.22, 73, 58819, 17817, 136, 0, 99, 1
08:47:45.633, 83.22, 73, 59478, 18040, 136, 0, 99, 1
08:47:45.740, 83.22, 73, 59958, 18210, 136, 0, 99, 1
08:47:45.812, 83.22, 73, 60049, 17767, 136, 0, 99, 1
08:47:45.951, 83.22, 73, 57835, 17381, 136, 0, 99, 1
08:47:46.019, 83.22, 73, 58423, 17619, 136, 0, 99, 1
08:47:46.162, 83.22, 73, 58864, 17655, 136, 0, 99, 1
08:47:46.232, 83.22, 73, 58783, 17772, 136, 0, 99, 1
08:47:46.340, 83.22, 73, 59682, 18192, 136, 0, 99, 1
08:47:46.413, 83.22, 73, 60304, 18361, 136, 0, 99, 1
08:47:46.554, 83.22, 73, 60773, 18519, 136, 0, 99, 1
08:47:46.625, 83.22, 73, 60284, 17874, 136, 0, 99, 1
08:47:46.731, 83.22, 73, 59128, 17898, 136, 0, 99, 1
08:47:46.841, 83.22, 73, 59614, 18044, 136, 0, 99, 1
08:47:46.950, 83.22, 73, 59629, 17950, 136, 0, 99, 1
08:47:47.020, 83.22, 73, 59721, 18108, 136, 0, 99, 1
08:47:47.154, 83.22, 73, 60516, 18415, 136, 0, 99, 1
08:47:47.222, 83.22, 73, 60875, 18506, 136, 0, 99, 1
08:47:47.362, 83.22, 73, 60746, 18004, 136, 0, 99, 1
08:47:47.429, 83.22, 73, 59054, 17631, 136, 0, 99, 1
08:47:47.532, 83.22, 73, 59390, 17891, 136, 0, 99, 1
08:47:47.637, 83.22, 73, 59709, 17870, 136, 0, 99, 1
08:47:47.739, 83.22, 73, 59484, 17934, 136, 0, 99, 1
08:47:47.843, 83.22, 73, 59987, 18138, 136, 0, 99, 1
08:47:47.949, 83.22, 73, 60738, 18398, 214, 0, 99, 1
08:47:48.020, 83.22, 73, 60983, 18462, 214, 0, 99, 1
08:47:48.156, 83.22, 73, 59734, 17541, 214, 0, 99, 1
08:47:48.227, 34.88, 63, 58650, 17491, 214, 0, 99, 1
08:47:48.331, 34.88, 63, 59121, 17670, 214, 0, 99, 1
08:47:48.434, 34.88, 63, 59049, 17559, 214, 0, 99, 1
08:47:48.543, 34.88, 63, 59133, 17751, 214, 0, 99, 1
08:47:48.615, 34.88, 63, 59728, 17976, 214, 0, 99, 1
08:47:48.763, 34.88, 63, 60391, 18198, 214, 0, 99, 1
08:47:48.834, 34.88, 63, 60655, 18285, 214, 0, 99, 1
08:47:48.940, 34.88, 63, 59140, 17397, 214, 0, 99, 1
08:47:49.013, 34.88, 63, 58456, 17451, 214, 0, 99, 1
08:47:49.155, 34.88, 63, 59027, 17611, 214, 0, 99, 1
08:47:49.225, 34.88, 63, 58892, 17526, 214, 0, 99, 1
08:47:49.331, 34.88, 63, 59177, 17828, 214, 0, 99, 1
08:47:49.436, 34.88, 63, 59788, 18039, 214, 0, 99, 1
08:47:49.547, 34.88, 63, 60357, 18224, 214, 0, 99, 1
08:47:49.619, 34.88, 63, 60644, 18306, 214, 0, 99, 1
08:47:49.763, 34.88, 63, 59192, 17548, 214, 0, 99, 1
08:47:49.832, 34.88, 63, 58880, 17698, 214, 0, 99, 1
08:47:49.938, 34.88, 63, 59543, 17868, 214, 0, 99, 1
08:47:50.045, 34.88, 63, 59447, 17828, 214, 0, 99, 1
08:47:50.157, 34.88, 63, 59955, 18164, 214, 0, 99, 1
08:47:50.224, 34.88, 63, 60547, 18399, 214, 0, 99, 1
08:47:50.364, 34.88, 63, 61138, 18600, 214, 0, 99, 1
08:47:50.432, 34.88, 63, 61477, 18580, 187, 0, 99, 1
08:47:50.542, 34.88, 63, 59859, 18022, 187, 0, 99, 1
08:47:50.612, 34.88, 63, 60054, 18172, 187, 0, 99, 1
08:47:50.757, 34.88, 63, 60477, 18202, 187, 0, 99, 1
08:47:50.833, 34.88, 63, 60146, 18163, 187, 0, 99, 1
08:47:50.939, 34.88, 63, 60601, 18418, 187, 0, 99, 1
08:47:51.011, 34.88, 63, 61144, 18580, 187, 0, 99, 1
08:47:51.149, 34.88, 63, 61504, 18573, 187, 0, 99, 1
08:47:51.219, 34.88, 63, 60378, 17885, 187, 0, 99, 1
08:47:51.360, 34.88, 63, 59551, 17935, 187, 0, 99, 1
08:47:51.433, 34.88, 63, 59930, 18020, 187, 0, 99, 1
08:47:51.542, 34.88, 63, 59721, 17909, 187, 0, 99, 1
08:47:51.613, 34.88, 63, 59898, 18074, 187, 0, 99, 1
08:47:51.757, 34.88, 63, 60631, 18329, 187, 0, 99, 1
08:47:51.824, 34.88, 63, 60934, 18428, 187, 0, 99, 1
08:47:51.931, 34.88, 63, 60633, 17814, 187, 0, 99, 1
08:47:52.037, 34.88, 63, 58781, 17432, 187, 0, 99, 1
08:47:52.143, 34.88, 63, 59006, 17626, 187, 0, 99, 1
08:47:52.213, 34.88, 63, 59103, 17550, 187, 0, 99, 1
08:47:52.362, 36.56, 55, 58744, 17536, 187, 0, 99, 1
08:47:52.433, 36.56, 55, 59164, 17743, 187, 0, 99, 1
08:47:52.538, 36.56, 55, 59759, 17937, 187, 0, 99, 1
08:47:52.639, 36.56, 55, 59935, 17975, 187, 0, 99, 1
08:47:52.752, 36.56, 55, 58192, 16964, 187, 0, 99, 1
08:47:52.825, 36.56, 55, 57366, 17029, 187, 0, 99, 1
08:47:52.933, 36.56, 55, 58004, 17228, 150, 0, 99, 1
08:47:53.039, 36.56, 55, 57991, 17182, 150, 0, 99, 1
08:47:53.129, 36.56, 55, 58466, 17581, 150, 0, 99, 1
08:47:53.237, 36.56, 55, 59150, 17853, 150, 0, 99, 1
08:47:53.339, 36.56, 55, 59910, 18113, 150, 0, 99, 1
08:47:53.441, 36.56, 55, 60213, 18120, 150, 0, 99, 1
08:47:53.548, 36.56, 55, 58115, 17257, 150, 0, 99, 1
08:47:53.619, 36.56, 55, 58129, 17484, 150, 0, 99, 1
08:47:53.729, 36.56, 55, 58816, 17622, 150, 0, 99, 1
08:47:53.836, 36.56, 55, 58543, 17595, 150, 0, 99, 1
08:47:53.946, 36.56, 55, 59146, 17962, 150, 0, 99, 1
08:47:54.018, 36.56, 55, 59762, 18175, 150, 0, 99, 1
08:47:54.127, 36.56, 55, 60226, 18317, 150, 0, 99, 1
08:47:54.235, 78.95, 57, 60288, 17919, 150, 0, 99, 1
08:47:54.340, 78.95, 57, 57977, 17426, 150, 0, 99, 1
08:47:54.410, 78.95, 57, 58398, 17602, 150, 0, 99, 1
08:47:54.552, 78.95, 57, 58649, 17541, 150, 0, 99, 1
08:47:54.623, 78.95, 57, 58388, 17598, 150, 0, 99, 1
08:47:54.731, 78.95, 57, 59217, 18001, 150, 0, 99, 1
08:47:54.838, 78.95, 57, 59778, 18155, 150, 0, 99, 1
08:47:54.942, 78.95, 57, 60152, 18282, 150, 0, 99, 1
08:47:55.013, 78.95, 57, 59634, 17499, 150, 0, 99, 1
08:47:55.155, 78.95, 57, 57318, 17210, 150, 0, 99, 1
08:47:55.227, 78.95, 57, 57883, 17416, 150, 0, 99, 1
08:47:55.331, 78.95, 57, 58017, 17327, 150, 0, 99, 1
08:47:55.441, 78.95, 57, 58004, 17496, 150, 0, 98, 1
08:47:55.550, 78.95, 57, 58987, 17896, 150, 0, 98, 1
08:47:55.620, 78.95, 57, 59497, 18060, 150, 0, 98, 1
08:47:55.730, 78.95, 57, 59840, 18193, 150, 0, 98, 1
08:47:55.839, 78.95, 57, 59461, 17425, 150, 0, 98, 1
08:47:55.950, 78.95, 57, 57083, 17151, 150, 0, 98, 1
08:47:56.021, 83.22, 57, 57747, 17346, 150, 0, 98, 1
08:47:56.130, 83.22, 57, 57823, 17257, 150, 0, 98, 1
08:47:56.240, 83.22, 57, 57763, 17440, 150, 0, 98, 1
08:47:56.349, 83.22, 57, 58837, 17870, 150, 0, 98, 1
08:47:56.420, 83.22, 57, 59403, 18056, 150, 0, 98, 1
08:47:56.528, 83.22, 57, 59813, 18214, 150, 0, 98, 1
08:47:56.640, 83.22, 57, 59478, 17477, 150, 0, 98, 1
08:47:56.742, 83.22, 57, 57240, 17252, 150, 0, 98, 1
08:47:56.813, 83.22, 57, 58028, 17530, 150, 0, 98, 1
08:47:56.952, 83.22, 57, 58298, 17476, 150, 0, 98, 1
08:47:57.026, 83.22, 57, 58286, 17633, 150, 0, 98, 1
08:47:57.131, 83.22, 57, 59370, 18102, 150, 0, 98, 1
08:47:57.237, 83.22, 57, 59981, 18275, 150, 0, 98, 1
08:47:57.342, 83.22, 57, 60397, 18471, 150, 0, 98, 1
08:47:57.410, 83.22, 57, 60456, 17923, 150, 0, 98, 1
08:47:57.549, 83.22, 57, 58136, 17567, 150, 0, 98, 1
08:47:57.621, 83.22, 57, 58778, 17797, 150, 0, 98, 1
08:47:57.762, 83.22, 57, 58915, 17660, 150, 0, 98, 1
08:47:57.836, 83.22, 57, 58579, 17686, 150, 0, 98, 1
08:47:57.937, 83.22, 57, 59471, 18099, 166, 0, 96, 1
08:47:58.005, 83.22, 57, 59983, 18239, 166, 0, 96, 1
08:47:58.147, 83.22, 57, 60296, 18046, 166, 0, 96, 1
08:47:58.217, 83.22, 57, 58402, 17204, 166, 0, 96, 1
08:47:58.328, 65.29, 65, 57900, 17439, 166, 0, 96, 1
08:47:58.434, 65.29, 65, 58509, 17556, 166, 0, 96, 1
08:47:58.539, 65.29, 65, 58230, 17460, 166, 0, 96, 1
08:47:58.607, 65.29, 65, 58572, 17713, 166, 0, 96, 1
08:47:58.746, 65.29, 65, 59649, 18096, 166, 0, 96, 1
08:47:58.818, 65.29, 65, 60024, 18186, 166, 0, 96, 1
08:47:58.922, 65.29, 65, 59661, 17436, 166, 0, 96, 1
08:47:59.029, 65.29, 65, 57228, 16932, 166, 0, 96, 1
08:47:59.135, 65.29, 65, 57672, 17259, 166, 0, 96, 1
08:47:59.238, 65.29, 65, 58010, 17219, 166, 0, 96, 1
08:47:59.342, 65.29, 65, 57698, 17307, 166, 0, 96, 1
08:47:59.412, 65.29, 65, 58307, 17604, 166, 0, 96, 1
08:47:59.555, 65.29, 65, 59207, 17852, 166, 0, 96, 1
08:47:59.629, 65.29, 65, 59381, 17902, 166, 0, 96, 1
08:47:59.739, 65.29, 65, 57576, 16720, 166, 0, 96, 1
08:47:59.812, 65.29, 65, 56432, 16790, 166, 0, 96, 1
08:47:59.954, 65.29, 65, 57298, 17036, 166, 0, 96, 1
08:48:00.024, 65.29, 65, 57139, 16843, 166, 0, 96, 1
08:48:00.129, 65.29, 65, 57191, 17154, 166, 0, 96, 1
08:48:00.234, 65.29, 65, 57950, 17413, 166, 0, 96, 1
08:48:00.335, 65.29, 65, 58702, 17656, 166, 0, 96, 1
08:48:00.438, 71.34, 74, 58982, 17429, 187, 0, 100, 1
08:48:00.541, 71.34, 74, 56201, 16622, 187, 0, 100, 1
08:48:00.612, 71.34, 74, 56716, 16925, 187, 0, 100, 1
08:48:00.751, 71.34, 74, 57447, 17021, 187, 0, 100, 1
08:48:00.822, 71.34, 74, 57081, 17008, 187, 0, 100, 1
08:48:00.931, 71.34, 74, 57989, 17502, 187, 0, 100, 1
08:48:01.036, 71.34, 74, 58719, 17731, 187, 0, 100, 1
08:48:01.146, 71.34, 74, 59265, 17689, 187, 0, 100, 1
08:48:01.216, 71.34, 74, 57509, 16767, 187, 0, 100, 1
08:48:01.322, 71.34, 74, 56789, 16992, 187, 0, 100, 1
08:48:01.425, 71.34, 74, 57339, 17122, 187, 0, 100, 1
08:48:01.533, 71.34, 74, 56963, 16964, 187, 0, 100, 1
08:48:01.636, 71.34, 74, 57282, 17231, 187, 0, 100, 1
08:48:01.742, 71.34, 74, 58413, 17639, 187, 0, 100, 1
08:48:01.816, 71.34, 74, 58779, 17723, 187, 0, 100, 1
08:48:01.950, 71.34, 74, 56785, 16474, 187, 0, 100, 1
08:48:02.018, 71.34, 74, 55719, 16608, 187, 0, 100, 1
08:48:02.157, 71.34, 74, 56700, 16889, 187, 0, 100, 1
08:48:02.226, 71.34, 74, 56599, 16754, 187, 0, 100, 1
08:48:02.335, 71.34, 74, 57001, 17173, 187, 0, 100, 1
08:48:02.439, 75, 73, 57817, 17455, 187, 0, 100, 1
08:48:02.545, 75, 73, 58472, 17650, 187, 0, 100, 1
08:48:02.616, 75, 73, 58428, 17103, 187, 0, 100, 1
08:48:02.753, 75, 73, 55353, 16449, 187, 0, 100, 1
08:48:02.825, 75, 73, 56046, 16727, 187, 0, 100, 1
08:48:02.930, 75, 73, 56492, 16763, 187, 0, 100, 1
08:48:03.004, 75, 73, 56322, 16838, 187, 0, 100, 1
08:48:03.151, 75, 73, 57342, 17325, 187, 0, 100, 1
08:48:03.222, 75, 73, 57975, 17508, 187, 0, 100, 1
08:48:03.328, 75, 73, 58417, 17704, 187, 0, 100, 1
08:48:03.435, 75, 73, 58308, 17033, 187, 0, 100, 1
08:48:03.539, 75, 73, 55809, 16691, 187, 0, 100, 1
08:48:03.611, 75, 73, 56493, 16924, 187, 0, 100, 1
08:48:03.751, 75, 73, 56695, 16860, 187, 0, 100, 1
08:48:03.824, 75, 73, 56646, 17022, 187, 0, 100, 1
08:48:03.933, 75, 73, 57779, 17499, 187, 0, 100, 1
08:48:04.009, 75, 73, 58427, 17706, 187, 0, 100, 1
08:48:04.150, 75, 73, 59058, 17973, 187, 0, 100, 1
08:48:04.221, 75, 73, 59507, 17781, 187, 0, 100, 1
08:48:04.327, 79.05, 72, 56861, 17021, 187, 0, 100, 1
08:48:04.437, 79.05, 72, 57397, 17303, 187, 0, 100, 1
08:48:04.543, 79.05, 72, 58011, 17377, 187, 0, 100, 1
08:48:04.615, 79.05, 72, 57776, 17430, 187, 0, 100, 1
08:48:04.754, 79.05, 72, 58832, 17943, 187, 0, 100, 1
08:48:04.821, 79.05, 72, 59631, 18171, 187, 0, 100, 1
08:48:04.925, 79.05, 72, 60084, 18349, 187, 0, 100, 1
08:48:05.032, 79.05, 72, 60186, 17923, 187, 0, 100, 1
08:48:05.141, 79.05, 72, 57694, 17389, 187, 0, 100, 1
08:48:05.213, 79.05, 72, 58239, 17613, 187, 0, 100, 1
08:48:05.320, 79.05, 72, 58645, 17583, 187, 0, 100, 1
08:48:05.426, 79.05, 72, 58460, 17679, 150, 0, 98, 1
08:48:05.533, 79.05, 72, 59468, 18127, 150, 0, 98, 1
08:48:05.604, 79.05, 72, 60060, 18296, 150, 0, 98, 1
08:48:05.750, 79.05, 72, 60360, 18404, 150, 0, 98, 1
08:48:05.824, 79.05, 72, 60334, 17780, 150, 0, 98, 1
08:48:05.928, 79.05, 72, 57371, 17188, 150, 0, 98, 1
08:48:06.000, 79.05, 72, 58025, 17426, 150, 0, 98, 1
08:48:06.141, 79.05, 72, 58323, 17399, 150, 0, 98, 1
08:48:06.215, 79.05, 72, 58128, 17494, 150, 0, 98, 1
08:48:06.326, 79.05, 72, 59185, 17954, 150, 0, 98, 1
08:48:06.429, 79.05, 72, 59776, 18147, 150, 0, 98, 1
08:48:06.534, 79.05, 72, 60259, 18341, 150, 0, 98, 1
08:48:06.603, 65.08, 72, 60204, 17695, 150, 0, 98, 1
08:48:06.749, 65.08, 72, 57533, 17223, 150, 0, 98, 1
08:48:06.819, 65.08, 72, 58159, 17467, 150, 0, 98, 1
08:48:06.923, 65.08, 72, 58467, 17429, 150, 0, 98, 1
08:48:07.032, 65.08, 72, 58323, 17527, 150, 0, 98, 1
08:48:07.135, 65.08, 72, 59395, 18035, 150, 0, 98, 1
08:48:07.205, 65.08, 72, 60063, 18238, 150, 0, 98, 1
08:48:07.353, 65.08, 72, 60550, 18423, 150, 0, 98, 1
08:48:07.423, 65.08, 72, 60346, 17708, 150, 0, 98, 1
08:48:07.527, 65.08, 72, 57837, 17350, 150, 0, 98, 1
08:48:07.635, 65.08, 72, 58552, 17585, 150, 0, 98, 1
08:48:07.742, 65.08, 72, 58790, 17528, 150, 0, 98, 1
08:48:07.813, 65.08, 72, 58805, 17717, 150, 0, 98, 1
08:48:07.951, 65.08, 72, 60059, 18268, 187, 0, 98, 1
08:48:08.025, 65.08, 72, 60762, 18453, 187, 0, 98, 1
08:48:08.136, 65.08, 72, 61153, 18568, 187, 0, 98, 1
08:48:08.204, 65.08, 72, 60351, 17681, 187, 0, 98, 1
08:48:08.346, 65.08, 72, 58696, 17670, 187, 0, 98, 1
08:48:08.419, 65.08, 72, 59472, 17937, 187, 0, 98, 1
08:48:08.523, 65.08, 72, 59453, 17755, 187, 0, 98, 1
08:48:08.628, 65.08, 72, 59443, 17936, 187, 0, 98, 1
08:48:08.738, 65.08, 72, 60617, 18396, 187, 0, 98, 1
08:48:08.806, 65.08, 72, 61089, 18488, 187, 0, 98, 1
08:48:08.952, 65.22, 71, 60797, 17807, 187, 0, 98, 1
08:48:09.023, 65.22, 71, 58482, 17331, 187, 0, 98, 1
08:48:09.129, 65.22, 71, 59012, 17742, 187, 0, 98, 1
08:48:09.204, 65.22, 71, 59532, 17708, 187, 0, 98, 1
08:48:09.345, 65.22, 71, 59248, 17789, 187, 0, 98, 1
08:48:09.415, 65.22, 71, 59953, 18131, 187, 0, 98, 1
08:48:09.519, 65.22, 71, 60998, 18434, 187, 0, 98, 1
08:48:09.627, 65.22, 71, 61187, 18419, 187, 0, 98, 1
08:48:09.733, 65.22, 71, 58558, 17107, 187, 0, 98, 1
08:48:09.803, 65.22, 71, 58018, 17290, 187, 0, 98, 1
08:48:09.940, 65.22, 71, 58866, 17482, 187, 0, 98, 1
08:48:10.013, 65.22, 71, 58611, 17318, 187, 0, 98, 1
08:48:10.152, 65.22, 71, 58990, 17710, 187, 0, 98, 1
08:48:10.220, 65.22, 71, 59825, 17978, 187, 0, 98, 1
08:48:10.328, 65.22, 71, 60440, 18152, 187, 0, 98, 1
08:48:10.402, 65.22, 71, 59821, 17275, 125, 0, 93, 1
08:48:10.543, 65.22, 71, 57431, 17044, 125, 0, 93, 1
08:48:10.614, 65.22, 71, 58193, 17283, 125, 0, 93, 1
08:48:10.717, 65.22, 71, 58414, 17213, 125, 0, 93, 1
08:48:10.819, 65.22, 71, 58413, 17405, 125, 0, 93, 1
08:48:10.921, 75, 71, 59472, 17838, 125, 0, 93, 1
08:48:11.027, 75, 71, 60035, 17978, 125, 0, 93, 1
08:48:11.137, 75, 71, 59917, 17330, 125, 0, 93, 1
08:48:11.213, 75, 71, 57352, 16706, 125, 0, 93, 1
08:48:11.322, 75, 71, 57798, 17116, 125, 0, 93, 1
08:48:11.431, 75, 71, 58223, 17075, 125, 0, 93, 1
08:48:11.538, 75, 71, 57885, 17134, 125, 0, 93, 1
08:48:11.607, 75, 71, 58673, 17505, 125, 0, 93, 1
08:48:11.750, 75, 71, 59801, 17863, 125, 0, 93, 1
08:48:11.821, 75, 71, 60176, 17963, 125, 0, 93, 1
08:48:11.929, 75, 71, 58110, 16832, 125, 0, 93, 1
08:48:12.001, 75, 71, 57654, 17067, 125, 0, 93, 1
08:48:12.141, 75, 71, 58821, 17346, 125, 0, 93, 1
08:48:12.214, 75, 71, 58410, 17117, 125, 0, 93, 1
08:48:12.320, 75, 71, 58761, 17531, 125, 0, 93, 1
08:48:12.432, 75, 71, 59695, 17849, 125, 0, 93, 1
08:48:12.538, 75, 71, 60315, 17903, 125, 0, 93, 1
08:48:12.608, 75, 71, 58931, 16868, 125, 0, 93, 1
08:48:12.749, 75, 71, 57580, 17017, 125, 0, 93, 1
08:48:12.824, 78.95, 70, 58359, 17243, 125, 0, 93, 1
08:48:12.930, 78.95, 70, 58279, 17118, 166, 0, 92, 1
08:48:13.002, 78.95, 70, 58577, 17391, 166, 0, 92, 1
08:48:13.151, 78.95, 70, 59941, 17917, 166, 0, 92, 1
08:48:13.224, 78.95, 70, 60449, 18017, 166, 0, 92, 1
08:48:13.333, 78.95, 70, 60037, 17196, 166, 0, 92, 1
08:48:13.403, 78.95, 70, 57520, 16735, 166, 0, 92, 1
08:48:13.542, 78.95, 70, 58115, 17123, 166, 0, 92, 1
08:48:13.612, 78.95, 70, 58454, 17073, 166, 0, 92, 1
08:48:13.719, 78.95, 70, 58080, 17143, 166, 0, 92, 1
08:48:13.827, 78.95, 70, 58814, 17468, 166, 0, 92, 1
08:48:13.934, 78.95, 70, 59850, 17794, 166, 0, 92, 1
08:48:14.005, 78.95, 70, 60129, 17896, 166, 0, 92, 1
08:48:14.144, 78.95, 70, 59174, 16885, 166, 0, 92, 1
08:48:14.216, 78.95, 70, 57200, 16728, 166, 0, 92, 1
08:48:14.321, 78.95, 70, 58272, 17163, 166, 0, 92, 1
08:48:14.431, 78.95, 70, 58502, 17075, 166, 0, 92, 1
08:48:14.534, 78.95, 70, 58511, 17339, 166, 0, 92, 1
08:48:14.604, 78.95, 70, 59417, 17717, 166, 0, 92, 1
08:48:14.747, 78.84, 74, 60400, 17986, 166, 0, 92, 1
08:48:14.819, 78.84, 74, 60665, 18114, 166, 0, 92, 1
08:48:14.922, 78.84, 74, 58825, 16973, 166, 0, 92, 1
08:48:15.024, 78.84, 74, 58070, 17138, 166, 0, 92, 1
08:48:15.125, 78.84, 74, 58913, 17364, 166, 0, 92, 1
08:48:15.227, 78.84, 74, 58693, 17170, 166, 0, 92, 1
08:48:15.332, 78.84, 74, 58905, 17538, 166, 0, 92, 1
08:48:15.403, 78.84, 74, 59719, 17740, 166, 0, 100, 1
08:48:15.545, 78.84, 74, 59625, 17633, 166, 0, 100, 1
08:48:15.617, 78.84, 74, 59127, 16881, 166, 0, 100, 1
08:48:15.719, 78.84, 74, 54664, 15324, 166, 0, 100, 1
08:48:15.826, 78.84, 74, 53321, 15030, 166, 0, 100, 1
08:48:15.926, 78.84, 74, 53560, 15005, 166, 0, 100, 1
08:48:15.999, 78.84, 74, 51441, 13737, 166, 0, 100, 1
08:48:16.143, 78.84, 74, 51889, 15273, 166, 0, 100, 1
08:48:16.213, 78.84, 74, 54717, 15944, 166, 0, 100, 1
08:48:16.318, 78.84, 74, 56083, 16540, 166, 0, 100, 1
08:48:16.423, 78.84, 74, 56021, 15815, 166, 0, 100, 1
08:48:16.526, 78.84, 74, 53227, 15451, 166, 0, 100, 1
08:48:16.597, 78.84, 74, 53501, 15504, 166, 0, 100, 1
08:48:16.740, 78.84, 74, 53144, 15039, 166, 0, 100, 1
08:48:16.814, 78.84, 74, 52379, 15185, 166, 0, 100, 1
08:48:16.920, 78.84, 74, 53757, 15611, 166, 0, 100, 1
08:48:17.026, 78.84, 74, 54363, 16041, 166, 0, 100, 1
08:48:17.136, 78.84, 74, 55594, 16538, 166, 0, 100, 1
08:48:17.205, 78.84, 74, 56116, 16160, 166, 0, 100, 1
08:48:17.347, 78.84, 74, 53583, 15653, 166, 0, 100, 1
08:48:17.417, 78.84, 74, 53855, 15886, 166, 0, 100, 1
08:48:17.522, 78.84, 74, 54646, 16006, 166, 0, 100, 1
08:48:17.632, 78.84, 74, 54430, 16102, 166, 0, 100, 1
08:48:17.733, 78.84, 74, 55525, 16714, 166, 0, 100, 1
08:48:17.800, 78.84, 74, 56523, 17152, 166, 0, 100, 1
08:48:17.944, 78.84, 74, 57127, 16919, 187, 0, 99, 1
08:48:18.014, 78.84, 74, 55468, 16601, 187, 0, 99, 1
08:48:18.123, 78.84, 74, 55939, 17041, 187, 0, 99, 1
08:48:18.195, 78.84, 74, 56758, 17278, 187, 0, 99, 1
08:48:18.337, 78.84, 74, 56813, 17394, 187, 0, 99, 1
08:48:18.406, 78.84, 74, 57450, 17777, 187, 0, 99, 1
08:48:18.550, 78.84, 74, 58735, 18309, 187, 0, 99, 1
08:48:18.621, 78.84, 74, 59257, 18124, 187, 0, 99, 1
08:48:18.727, 78.84, 74, 57308, 17696, 187, 0, 99, 1
08:48:18.797, 36.59, 66, 57781, 18021, 187, 0, 99, 1
08:48:18.937, 36.59, 66, 58731, 18258, 187, 0, 99, 1
08:48:19.009, 36.59, 66, 58744, 18360, 187, 0, 99, 1
08:48:19.116, 36.59, 66, 59611, 18829, 187, 0, 99, 1
08:48:19.220, 36.59, 66, 60373, 19106, 187, 0, 99, 1
08:48:19.325, 36.59, 66, 59927, 18480, 187, 0, 99, 1
08:48:19.396, 36.59, 66, 58781, 18402, 187, 0, 99, 1
08:48:19.537, 36.59, 66, 59564, 18793, 187, 0, 99, 1
08:48:19.609, 36.59, 66, 60002, 18782, 187, 0, 99, 1
08:48:19.745, 36.59, 66, 60062, 18968, 187, 0, 99, 1
08:48:19.817, 36.59, 66, 60674, 19221, 187, 0, 99, 1
08:48:19.924, 36.59, 66, 61487, 19333, 187, 0, 99, 1
08:48:20.025, 36.59, 66, 60367, 18696, 187, 0, 99, 1
08:48:20.125, 36.59, 66, 59934, 18912, 187, 0, 99, 1
08:48:20.197, 36.59, 66, 60565, 19112, 187, 0, 99, 1
08:48:20.338, 36.59, 66, 60611, 19055, 187, 0, 99, 1
08:48:20.409, 36.59, 66, 60885, 19242, 214, 0, 99, 1
08:48:20.518, 36.59, 66, 61714, 19574, 214, 0, 99, 1
08:48:20.624, 83.33, 68, 62096, 19328, 214, 0, 99, 1
08:48:20.732, 83.33, 68, 60220, 18910, 214, 0, 99, 1
08:48:20.805, 83.33, 68, 60711, 19145, 214, 0, 99, 1
08:48:20.945, 83.33, 68, 61209, 19148, 214, 0, 99, 1
08:48:21.017, 83.33, 68, 61028, 19194, 214, 0, 99, 1
08:48:21.125, 83.33, 68, 61632, 19466, 214, 0, 99, 1
08:48:21.197, 83.33, 68, 62121, 19637, 214, 0, 99, 1
08:48:21.337, 83.33, 68, 61154, 18845, 214, 0, 99, 1
08:48:21.411, 83.33, 68, 60238, 18871, 214, 0, 99, 1
08:48:21.511, 83.33, 68, 61122, 19174, 214, 0, 99, 1
08:48:21.613, 83.33, 68, 61159, 19045, 214, 0, 99, 1
08:48:21.722, 83.33, 68, 61245, 19239, 214, 0, 99, 1
08:48:21.829, 83.33, 68, 61748, 19405, 214, 0, 99, 1
08:48:21.933, 83.33, 68, 62332, 19365, 214, 0, 99, 1
08:48:22.000, 83.33, 68, 60828, 18644, 214, 0, 99, 1
08:48:22.142, 83.33, 68, 60324, 18822, 214, 0, 99, 1
08:48:22.218, 83.33, 68, 60909, 18941, 214, 0, 99, 1
08:48:22.325, 83.33, 68, 60571, 18762, 214, 0, 99, 1
08:48:22.397, 83.33, 68, 60697, 18880, 214, 0, 99, 1
08:48:22.542, 78.95, 68, 61403, 19155, 214, 0, 99, 1
08:48:22.612, 78.95, 68, 61602, 18771, 214, 0, 99, 1
08:48:22.718, 78.95, 68, 59382, 18313, 214, 0, 99, 1
08:48:22.825, 78.95, 68, 59841, 18540, 214, 0, 99, 1
08:48:22.930, 78.95, 68, 60235, 18476, 214, 0, 98, 1
08:48:23.004, 78.95, 68, 59907, 18477, 214, 0, 98, 1
08:48:23.142, 78.95, 68, 60578, 18820, 214, 0, 98, 1
08:48:23.213, 78.95, 68, 61036, 18877, 214, 0, 98, 1
08:48:23.322, 78.95, 68, 58952, 17885, 214, 0, 98, 1
08:48:23.426, 78.95, 68, 58652, 18091, 214, 0, 98, 1
08:48:23.529, 78.95, 68, 59725, 18333, 214, 0, 98, 1
08:48:23.602, 78.95, 68, 59362, 18211, 214, 0, 98, 1
08:48:23.746, 78.95, 68, 59772, 18526, 214, 0, 98, 1
08:48:23.816, 78.95, 68, 60393, 18758, 214, 0, 98, 1
08:48:23.924, 78.95, 68, 60289, 18048, 214, 0, 98, 1
08:48:24.025, 78.95, 68, 57804, 17558, 214, 0, 98, 1
08:48:24.138, 78.95, 68, 58345, 17968, 214, 0, 98, 1
08:48:24.211, 78.95, 68, 58711, 17901, 214, 0, 98, 1
08:48:24.317, 78.95, 68, 58267, 17959, 214, 0, 98, 1
08:48:24.423, 78.95, 68, 58923, 18257, 214, 0, 98, 1
08:48:24.530, 78.95, 68, 59824, 18544, 214, 0, 98, 1
08:48:24.604, 78.95, 68, 59524, 17783, 214, 0, 98, 1
08:48:24.709, 78.95, 68, 56776, 17420, 214, 0, 98, 1
08:48:24.815, 78.95, 68, 57601, 17715, 214, 0, 98, 1
08:48:24.926, 62.37, 64, 57821, 17614, 214, 0, 98, 1
08:48:24.996, 62.37, 64, 57674, 17764, 214, 0, 98, 1
08:48:25.135, 62.37, 64, 58769, 18192, 214, 0, 98, 1
08:48:25.203, 62.37, 64, 59279, 18356, 214, 0, 98, 1
08:48:25.343, 62.37, 64, 59162, 17698, 214, 0, 98, 1
08:48:25.413, 62.37, 64, 56590, 17144, 51, 0, 92, 1
08:48:25.522, 62.37, 64, 57187, 17589, 51, 0, 92, 1
08:48:25.592, 62.37, 64, 57593, 17531, 51, 0, 92, 1
08:48:25.731, 62.37, 64, 57159, 17581, 51, 0, 92, 1
08:48:25.802, 62.37, 64, 57886, 17908, 51, 0, 92, 1
08:48:25.943, 62.37, 64, 58973, 18288, 51, 0, 92, 1
08:48:26.015, 62.37, 64, 59370, 18431, 51, 0, 92, 1
08:48:26.122, 62.37, 64, 58077, 17391, 51, 0, 92, 1
08:48:26.190, 62.37, 64, 56825, 17515, 51, 0, 92, 1
08:48:26.330, 62.37, 64, 58145, 17902, 51, 0, 92, 1
08:48:26.403, 62.37, 64, 58063, 17730, 51, 0, 92, 1
08:48:26.542, 62.37, 64, 58158, 18010, 51, 0, 92, 1
08:48:26.614, 62.37, 64, 58844, 18278, 51, 0, 92, 1
08:48:26.724, 62.37, 64, 59608, 18518, 51, 0, 92, 1
08:48:26.791, 79.16, 75, 59848, 18246, 51, 0, 92, 1
08:48:26.931, 79.16, 75, 57276, 17622, 51, 0, 92, 1
08:48:27.002, 79.16, 75, 57969, 17975, 51, 0, 92, 1
08:48:27.144, 79.16, 75, 58554, 17878, 51, 0, 92, 1
08:48:27.214, 79.16, 75, 58019, 17890, 51, 0, 92, 1
08:48:27.323, 79.16, 75, 58930, 18345, 51, 0, 92, 1
08:48:27.393, 79.16, 75, 59611, 18537, 51, 0, 92, 1
08:48:27.535, 79.16, 75, 59331, 17786, 51, 0, 92, 1
08:48:27.608, 79.16, 75, 57023, 17459, 51, 0, 92, 1
08:48:27.717, 79.16, 75, 58034, 17973, 51, 0, 92, 1
08:48:27.825, 79.16, 75, 58468, 17901, 51, 0, 92, 1
08:48:27.932, 79.16, 75, 58171, 18037, 125, 0, 95, 1
08:48:28.003, 79.16, 75, 58954, 18369, 125, 0, 95, 1
08:48:28.109, 79.16, 75, 59937, 18663, 125, 0, 95, 1
08:48:28.214, 79.16, 75, 60167, 18467, 125, 0, 95, 1
08:48:28.324, 79.16, 75, 56915, 17369, 125, 0, 95, 1
08:48:28.395, 79.16, 75, 57221, 17695, 125, 0, 95, 1
08:48:28.531, 79.16, 75, 57964, 17752, 125, 0, 95, 1
08:48:28.601, 79.16, 75, 57546, 17682, 125, 0, 95, 1
08:48:28.708, 78.84, 74, 58331, 18123, 125, 0, 95, 1
08:48:28.809, 78.84, 74, 58972, 18349, 125, 0, 95, 1
08:48:28.919, 78.84, 74, 59466, 18486, 125, 0, 95, 1
08:48:29.022, 78.84, 74, 59154, 17753, 125, 0, 95, 1
08:48:29.129, 78.84, 74, 56318, 17316, 125, 0, 95, 1
08:48:29.197, 78.84, 74, 56953, 17518, 125, 0, 95, 1
08:48:29.342, 78.84, 74, 57044, 17374, 125, 0, 95, 1
08:48:29.410, 78.84, 74, 56865, 17518, 125, 0, 95, 1
08:48:29.516, 78.84, 74, 57952, 17952, 125, 0, 95, 1
08:48:29.589, 78.84, 74, 58478, 18136, 125, 0, 95, 1
08:48:29.732, 78.84, 74, 58836, 18272, 125, 0, 95, 1
08:48:29.802, 78.84, 74, 59009, 17915, 125, 0, 95, 1
08:48:29.908, 78.84, 74, 56075, 17177, 125, 0, 95, 1
08:48:30.015, 78.84, 74, 56678, 17513, 125, 0, 95, 1
08:48:30.123, 78.84, 74, 57327, 17565, 125, 0, 95, 1
08:48:30.195, 78.84, 74, 57202, 17742, 125, 0, 95, 1
08:48:30.341, 78.84, 74, 58493, 18303, 125, 0, 95, 1
08:48:30.409, 78.84, 74, 59235, 18553, 214, 0, 95, 1
08:48:30.516, 83.33, 75, 59845, 18781, 214, 0, 95, 1
08:48:30.589, 83.33, 75, 60222, 18728, 214, 0, 95, 1
08:48:30.728, 83.33, 75, 57695, 17817, 214, 0, 95, 1
08:48:30.799, 83.33, 75, 57974, 18144, 214, 0, 95, 1
08:48:30.942, 83.33, 75, 58690, 18175, 214, 0, 95, 1
08:48:31.015, 83.33, 75, 58228, 18121, 214, 0, 95, 1
08:48:31.128, 83.33, 75, 58991, 18537, 214, 0, 95, 1
08:48:31.199, 83.33, 75, 59667, 18759, 214, 0, 95, 1
08:48:31.309, 83.33, 75, 60004, 18878, 214, 0, 95, 1
08:48:31.419, 83.33, 75, 60028, 18388, 214, 0, 95, 1
08:48:31.524, 83.33, 75, 57608, 17974, 214, 0, 95, 1
08:48:31.596, 83.33, 75, 58337, 18305, 214, 0, 95, 1
08:48:31.734, 83.33, 75, 58707, 18175, 214, 0, 95, 1
08:48:31.802, 83.33, 75, 58547, 18322, 214, 0, 95, 1
08:48:31.908, 83.33, 75, 59647, 18797, 214, 0, 95, 1
08:48:32.016, 83.33, 75, 60310, 18974, 214, 0, 95, 1
08:48:32.118, 83.33, 75, 60677, 19062, 214, 0, 95, 1
08:48:32.189, 83.33, 75, 59720, 18082, 214, 0, 95, 1
08:48:32.332, 83.33, 75, 57597, 17974, 214, 0, 95, 1
08:48:32.402, 83.33, 75, 58309, 18206, 214, 0, 95, 1
08:48:32.541, 83.33, 75, 58267, 18046, 214, 0, 95, 1
08:48:32.610, 83.33, 75, 58278, 18262, 214, 0, 95, 1
08:48:32.715, 83.33, 75, 59423, 18679, 214, 0, 95, 1
08:48:32.787, 83.33, 75, 59908, 18833, 214, 0, 95, 1
08:48:32.925, 62.43, 75, 60420, 18943, 166, 0, 98, 1
08:48:32.997, 62.43, 75, 59296, 17927, 166, 0, 98, 1
08:48:33.137, 62.43, 75, 57366, 17893, 166, 0, 98, 1
08:48:33.206, 62.43, 75, 57978, 18061, 166, 0, 98, 1
08:48:33.314, 62.43, 75, 57770, 17852, 166, 0, 98, 1
08:48:33.420, 62.43, 75, 57870, 18071, 166, 0, 98, 1
08:48:33.529, 62.43, 75, 58878, 18418, 166, 0, 98, 1
08:48:33.605, 62.43, 75, 59334, 18538, 166, 0, 98, 1
08:48:33.708, 62.43, 75, 59635, 18675, 166, 0, 98, 1
08:48:33.814, 62.43, 75, 59038, 17766, 166, 0, 98, 1
08:48:33.923, 62.43, 75, 56537, 17568, 166, 0, 98, 1
08:48:33.994, 62.43, 75, 57389, 17827, 166, 0, 98, 1
08:48:34.134, 62.43, 75, 57448, 17683, 166, 0, 98, 1
08:48:34.206, 62.43, 75, 57425, 17856, 166, 0, 98, 1
08:48:34.314, 62.43, 75, 58542, 18282, 166, 0, 98, 1
08:48:34.385, 62.43, 75, 59132, 18449, 166, 0, 98, 1
08:48:34.527, 62.43, 75, 59607, 18659, 166, 0, 98, 1
08:48:34.599, 62.43, 75, 59471, 17951, 166, 0, 98, 1
08:48:34.703, 62.43, 75, 56970, 17708, 166, 0, 98, 1
08:48:34.813, 62.43, 75, 57929, 18029, 166, 0, 98, 1
08:48:34.918, 75, 74, 58032, 17821, 166, 0, 98, 1
08:48:34.988, 75, 74, 57787, 17944, 166, 0, 98, 1
08:48:35.139, 75, 74, 58937, 18416, 166, 0, 98, 1
08:48:35.213, 75, 74, 59470, 18553, 166, 0, 98, 1
08:48:35.319, 75, 74, 59738, 18198, 166, 0, 98, 1
08:48:35.388, 75, 74, 57332, 17406, 150, 0, 88, 1
08:48:35.535, 75, 74, 57546, 17872, 150, 0, 88, 1
08:48:35.605, 75, 74, 58150, 17887, 150, 0, 88, 1
08:48:35.715, 75, 74, 57610, 17819, 150, 0, 88, 1
08:48:35.788, 75, 74, 58232, 18160, 150, 0, 88, 1
08:48:35.930, 75, 74, 59469, 18534, 150, 0, 88, 1
08:48:36.006, 75, 74, 59750, 18621, 150, 0, 88, 1
08:48:36.111, 75, 74, 58465, 17402, 150, 0, 88, 1
08:48:36.219, 75, 74, 56141, 17205, 150, 0, 88, 1
08:48:36.327, 75, 74, 57159, 17559, 150, 0, 88, 1
08:48:36.397, 75, 74, 57030, 17340, 150, 0, 88, 1
08:48:36.537, 75, 74, 56632, 17516, 150, 0, 88, 1
08:48:36.607, 75, 74, 57467, 17799, 150, 0, 88, 1
08:48:36.714, 75, 74, 58349, 18072, 150, 0, 88, 1
08:48:36.819, 78.95, 74, 58469, 18010, 150, 0, 88, 1
08:48:36.928, 78.95, 74, 55465, 16603, 150, 0, 88, 1
08:48:37.003, 78.95, 74, 55046, 16883, 150, 0, 88, 1
08:48:37.110, 78.95, 74, 55850, 16949, 150, 0, 88, 1
08:48:37.219, 78.95, 74, 55164, 16703, 150, 0, 88, 1
08:48:37.326, 78.95, 74, 55640, 17174, 150, 0, 88, 1
08:48:37.398, 78.95, 74, 56559, 17468, 150, 0, 88, 1
08:48:37.506, 78.95, 74, 57289, 17711, 150, 0, 88, 1
08:48:37.609, 78.95, 74, 57617, 17685, 150, 0, 88, 1
08:48:37.716, 78.95, 74, 54575, 16425, 150, 0, 88, 1
08:48:37.791, 78.95, 74, 54664, 16830, 150, 0, 88, 1
08:48:37.933, 78.95, 74, 55721, 16975, 150, 0, 96, 1
08:48:38.002, 78.95, 74, 55218, 16846, 150, 0, 96, 1
08:48:38.110, 78.95, 74, 56042, 17373, 150, 0, 96, 1
08:48:38.221, 78.95, 74, 56844, 17674, 150, 0, 96, 1
08:48:38.330, 78.95, 74, 57484, 17853, 150, 0, 96, 1
08:48:38.399, 78.95, 74, 57750, 17943, 150, 0, 96, 1
08:48:38.512, 78.95, 74, 55171, 16614, 150, 0, 96, 1
08:48:38.580, 78.95, 74, 54915, 16995, 150, 0, 96, 1
08:48:38.728, 78.95, 74, 56252, 17240, 150, 0, 96, 1
08:48:38.799, 74.91, 72, 55638, 17004, 150, 0, 96, 1
08:48:38.909, 74.91, 72, 56187, 17490, 150, 0, 96, 1
08:48:39.014, 74.91, 72, 57048, 17786, 150, 0, 96, 1
08:48:39.125, 74.91, 72, 57639, 17965, 150, 0, 96, 1
08:48:39.193, 74.91, 72, 57732, 17508, 150, 0, 96, 1
08:48:39.301, 74.91, 72, 54266, 16687, 150, 0, 96, 1
08:48:39.408, 74.91, 72, 55170, 17085, 150, 0, 96, 1
08:48:39.513, 74.91, 72, 55810, 17038, 150, 0, 96, 1
08:48:39.584, 74.91, 72, 55304, 17098, 150, 0, 96, 1
08:48:39.727, 74.91, 72, 56598, 17702, 150, 0, 96, 1
08:48:39.800, 74.91, 72, 57376, 17921, 150, 0, 96, 1
08:48:39.909, 74.91, 72, 57821, 18101, 150, 0, 96, 1
08:48:40.019, 74.91, 72, 57919, 17501, 150, 0, 96, 1
08:48:40.123, 74.91, 72, 54142, 16671, 150, 0, 96, 1
08:48:40.199, 74.91, 72, 54982, 17032, 150, 0, 96, 1
08:48:40.305, 74.91, 72, 55472, 16970, 150, 0, 96, 1
08:48:40.413, 74.91, 72, 55128, 17066, 166, 0, 96, 1
08:48:40.520, 74.91, 72, 56400, 17669, 166, 0, 96, 1
08:48:40.587, 74.91, 72, 57126, 17917, 166, 0, 96, 1
08:48:40.737, 74.91, 72, 57678, 18102, 166, 0, 96, 1
08:48:40.811, 74.91, 72, 58002, 18046, 166, 0, 96, 1
08:48:40.920, 71.34, 74, 54811, 16808, 166, 0, 96, 1
08:48:40.991, 71.34, 74, 55035, 17182, 166, 0, 96, 1
08:48:41.103, 71.34, 74, 55882, 17259, 166, 0, 96, 1
08:48:41.208, 71.34, 74, 55402, 17183, 166, 0, 96, 1
08:48:41.314, 71.34, 74, 56232, 17680, 166, 0, 96, 1
08:48:41.385, 71.34, 74, 57060, 17994, 166, 0, 96, 1
08:48:41.527, 71.34, 74, 57951, 18304, 166, 0, 96, 1
08:48:41.594, 71.34, 74, 58363, 18515, 166, 0, 96, 1
08:48:41.734, 71.34, 74, 57058, 17445, 166, 0, 96, 1
08:48:41.806, 71.34, 74, 55835, 17551, 166, 0, 96, 1
08:48:41.910, 71.34, 74, 57044, 17920, 166, 0, 96, 1
08:48:42.016, 71.34, 74, 56993, 17763, 166, 0, 96, 1
08:48:42.121, 71.34, 74, 57243, 18123, 166, 0, 96, 1
08:48:42.192, 71.34, 74, 58040, 18469, 166, 0, 96, 1
08:48:42.332, 71.34, 74, 58988, 18754, 166, 0, 96, 1
08:48:42.401, 71.34, 74, 59252, 18873, 166, 0, 96, 1
08:48:42.513, 71.34, 74, 59263, 18311, 166, 0, 96, 1
08:48:42.587, 71.34, 74, 57349, 18002, 166, 0, 96, 1
08:48:42.733, 71.34, 74, 58056, 18418, 166, 0, 96, 1
08:48:42.802, 71.34, 74, 58376, 18333, 166, 0, 96, 1
08:48:42.906, 71.34, 74, 58012, 18389, 187, 0, 94, 1
08:48:43.014, 71.34, 74, 58630, 18670, 187, 0, 94, 1
08:48:43.116, 68.26, 72, 59560, 18975, 187, 0, 94, 1
08:48:43.188, 68.26, 72, 59872, 19083, 187, 0, 94, 1
08:48:43.332, 68.26, 72, 58440, 18072, 187, 0, 94, 1
08:48:43.399, 68.26, 72, 57393, 18139, 187, 0, 94, 1
08:48:43.505, 68.26, 72, 58375, 18451, 187, 0, 94, 1
08:48:43.612, 68.26, 72, 58224, 18256, 187, 0, 94, 1
08:48:43.723, 68.26, 72, 58275, 18528, 187, 0, 94, 1
08:48:43.795, 68.26, 72, 59029, 18818, 187, 0, 94, 1
08:48:43.900, 68.26, 72, 59860, 19067, 187, 0, 94, 1
08:48:44.010, 68.26, 72, 60127, 19110, 187, 0, 94, 1
08:48:44.117, 68.26, 72, 57748, 17843, 187, 0, 94, 1
08:48:44.187, 68.26, 72, 57015, 18005, 187, 0, 94, 1
08:48:44.332, 68.26, 72, 57864, 18183, 187, 0, 94, 1
08:48:44.408, 68.26, 72, 57559, 18041, 187, 0, 94, 1
08:48:44.521, 68.26, 72, 57938, 18410, 187, 0, 94, 1
08:48:44.592, 68.26, 72, 58725, 18710, 187, 0, 94, 1
08:48:44.732, 68.26, 72, 59504, 18929, 187, 0, 94, 1
08:48:44.805, 68.26, 72, 59783, 18909, 187, 0, 94, 1
08:48:44.910, 83.33, 74, 57172, 17773, 187, 0, 94, 1
08:48:44.982, 83.33, 74, 57033, 18038, 187, 0, 94, 1
08:48:45.125, 83.33, 74, 57821, 18136, 187, 0, 94, 1
08:48:45.197, 83.33, 74, 57404, 18034, 187, 0, 94, 1
08:48:45.305, 83.33, 74, 58071, 18445, 187, 0, 94, 1
08:48:45.413, 83.33, 74, 58736, 18689, 187, 0, 94, 1
08:48:45.519, 83.33, 74, 59386, 18891, 187, 0, 94, 1
08:48:45.592, 83.33, 74, 59653, 18944, 187, 0, 94, 1
08:48:45.700, 83.33, 74, 57430, 17819, 187, 0, 94, 1
08:48:45.805, 83.33, 74, 57106, 18107, 187, 0, 94, 1
08:48:45.918, 83.33, 74, 58323, 18388, 187, 0, 94, 1
08:48:45.990, 83.33, 74, 58119, 18284, 187, 0, 94, 1
08:48:46.127, 83.33, 74, 58375, 18580, 187, 0, 94, 1
08:48:46.198, 83.33, 74, 59124, 18853, 187, 0, 94, 1
08:48:46.301, 83.33, 74, 59827, 19075, 187, 0, 94, 1
08:48:46.406, 83.33, 74, 60130, 19228, 187, 0, 94, 1
08:48:46.512, 83.33, 74, 58947, 18234, 187, 0, 94, 1
08:48:46.583, 83.33, 74, 57842, 18357, 187, 0, 94, 1
08:48:46.727, 83.33, 74, 58990, 18673, 187, 0, 94, 1
08:48:46.798, 83.33, 74, 58733, 18432, 187, 0, 94, 1
08:48:46.904, 83.33, 74, 58618, 18647, 187, 0, 94, 1
08:48:47.009, 83.33, 74, 59270, 18891, 187, 0, 94, 1
08:48:47.117, 68.18, 72, 59945, 19096, 187, 0, 94, 1
08:48:47.190, 68.18, 72, 60080, 18983, 187, 0, 94, 1
08:48:47.332, 68.18, 72, 57412, 17899, 187, 0, 94, 1
08:48:47.405, 68.18, 72, 57343, 18167, 187, 0, 94, 1
08:48:47.506, 68.18, 72, 58200, 18216, 187, 0, 94, 1
08:48:47.579, 68.18, 72, 57183, 17741, 187, 0, 94, 1
08:48:47.718, 68.18, 72, 56615, 17838, 187, 0, 94, 1
08:48:47.789, 68.18, 72, 57167, 18071, 187, 0, 94, 1
08:48:47.928, 68.18, 72, 57905, 18271, 100, 0, 93, 1
08:48:47.996, 68.18, 72, 58058, 17903, 100, 0, 93, 1
08:48:48.100, 68.18, 72, 54590, 16900, 100, 0, 93, 1
08:48:48.208, 68.18, 72, 55066, 17228, 100, 0, 93, 1
08:48:48.314, 68.18, 72, 55744, 17241, 100, 0, 93, 1
08:48:48.383, 68.18, 72, 55344, 17280, 100, 0, 93, 1
08:48:48.521, 68.18, 72, 56380, 17830, 100, 0, 93, 1
08:48:48.594, 68.18, 72, 57080, 18051, 100, 0, 93, 1
08:48:48.730, 68.18, 72, 57520, 18216, 100, 0, 93, 1
08:48:48.800, 68.18, 72, 57480, 17612, 100, 0, 93, 1
08:48:48.913, 68.18, 72, 54131, 16984, 100, 0, 93, 1
08:48:48.984, 78.84, 74, 54928, 17272, 100, 0, 93, 1
08:48:49.123, 78.84, 74, 55229, 17179, 100, 0, 93, 1
08:48:49.193, 78.84, 74, 54928, 17310, 100, 0, 93, 1
08:48:49.298, 78.84, 74, 56232, 17892, 100, 0, 93, 1
08:48:49.408, 78.84, 74, 56922, 18101, 100, 0, 93, 1
08:48:49.510, 78.84, 74, 57337, 18278, 100, 0, 93, 1
08:48:49.579, 78.84, 74, 57590, 17856, 100, 0, 93, 1
08:48:49.720, 78.84, 74, 54134, 17028, 100, 0, 93, 1
08:48:49.792, 78.84, 74, 54945, 17415, 100, 0, 93, 1
08:48:49.932, 78.84, 74, 55565, 17426, 100, 0, 93, 1
08:48:49.999, 78.84, 74, 55321, 17544, 100, 0, 93, 1
08:48:50.107, 78.84, 74, 56712, 18172, 100, 0, 93, 1
08:48:50.178, 78.84, 74, 57543, 18420, 100, 0, 93, 1
08:48:50.317, 78.84, 74, 58178, 18652, 100, 0, 93, 1
08:48:50.392, 78.84, 74, 58455, 18665, 125, 0, 97, 1
08:48:50.499, 78.84, 74, 55549, 17407, 125, 0, 97, 1
08:48:50.605, 78.84, 74, 55613, 17797, 125, 0, 97, 1
08:48:50.707, 78.84, 74, 56815, 17972, 125, 0, 97, 1
08:48:50.782, 78.84, 74, 56223, 17796, 125, 0, 97, 1
08:48:50.927, 78.84, 74, 56969, 18318, 125, 0, 97, 1
08:48:50.998, 78.84, 74, 57890, 18609, 125, 0, 97, 1
08:48:51.108, 78.84, 74, 58399, 18758, 125, 0, 97, 1
08:48:51.178, 78.84, 74, 58703, 18752, 125, 0, 97, 1
08:48:51.324, 65.29, 73, 55937, 17630, 125, 0, 97, 1
08:48:51.392, 65.29, 73, 56169, 18016, 125, 0, 97, 1
08:48:51.495, 65.29, 73, 57367, 18174, 125, 0, 97, 1
08:48:51.605, 65.29, 73, 56738, 18007, 125, 0, 97, 1
08:48:51.707, 65.29, 73, 57537, 18562, 125, 0, 97, 1
08:48:51.779, 65.29, 73, 58491, 18855, 125, 0, 97, 1
08:48:51.924, 65.29, 73, 59052, 19002, 125, 0, 97, 1
08:48:51.996, 65.29, 73, 59250, 18734, 125, 0, 97, 1
08:48:52.098, 65.29, 73, 55550, 17521, 125, 0, 97, 1
08:48:52.203, 65.29, 73, 55984, 17900, 125, 0, 97, 1
08:48:52.311, 65.29, 73, 56860, 17922, 125, 0, 97, 1
08:48:52.379, 65.29, 73, 56140, 17770, 125, 0, 97, 1
08:48:52.519, 65.29, 73, 57055, 18307, 125, 0, 97, 1
08:48:52.596, 65.29, 73, 57835, 18537, 125, 0, 97, 1
08:48:52.704, 65.29, 73, 58265, 18700, 125, 0, 97, 1
08:48:52.816, 65.29, 73, 58461, 18202, 125, 0, 97, 1
08:48:52.921, 65.29, 73, 54610, 17251, 187, 0, 95, 1
08:48:52.996, 65.29, 73, 55419, 17620, 187, 0, 95, 1
08:48:53.100, 65.29, 73, 55920, 17510, 187, 0, 95, 1
08:48:53.202, 65.29, 73, 55370, 17520, 187, 0, 95, 1
08:48:53.309, 74.81, 71, 56577, 18094, 187, 0, 95, 1
08:48:53.379, 74.81, 71, 57247, 18275, 187, 0, 95, 1
08:48:53.524, 74.81, 71, 57743, 18462, 187, 0, 95, 1
08:48:53.596, 74.81, 71, 57508, 17617, 187, 0, 95, 1
08:48:53.699, 74.81, 71, 54291, 17206, 187, 0, 95, 1
08:48:53.802, 74.81, 71, 55372, 17566, 187, 0, 95, 1
08:48:53.909, 74.81, 71, 55628, 17401, 187, 0, 95, 1
08:48:53.984, 74.81, 71, 55367, 17589, 187, 0, 95, 1
08:48:54.130, 74.81, 71, 56798, 18181, 187, 0, 95, 1
08:48:54.196, 74.81, 71, 57536, 18366, 187, 0, 95, 1
08:48:54.300, 74.81, 71, 57871, 18460, 187, 0, 95, 1
08:48:54.376, 74.81, 71, 56916, 17333, 187, 0, 95, 1
08:48:54.511, 74.81, 71, 54856, 17468, 187, 0, 95, 1
08:48:54.584, 74.81, 71, 55940, 17773, 187, 0, 95, 1
08:48:54.724, 74.81, 71, 55601, 17407, 187, 0, 95, 1
08:48:54.798, 74.81, 71, 55577, 17672, 187, 0, 95, 1
08:48:54.907, 74.81, 71, 56862, 18158, 187, 0, 95, 1
08:48:54.978, 74.81, 71, 57322, 18277, 187, 0, 95, 1
08:48:55.121, 74.81, 71, 56606, 17234, 187, 0, 95, 1
08:48:55.191, 74.81, 71, 53906, 16930, 187, 0, 95, 1
08:48:55.296, 74.81, 71, 55186, 17514, 187, 0, 95, 1
08:48:55.398, 71.51, 72, 55483, 17288, 214, 0, 91, 1
08:48:55.506, 71.51, 72, 54793, 17359, 214, 0, 91, 1
08:48:55.577, 71.51, 72, 55654, 17718, 214, 0, 91, 1
08:48:55.724, 71.51, 72, 56647, 18009, 214, 0, 91, 1
08:48:55.800, 71.51, 72, 56951, 17886, 214, 0, 91, 1
08:48:55.904, 71.51, 72, 53098, 16348, 214, 0, 91, 1
08:48:55.977, 71.51, 72, 53263, 16770, 214, 0, 91, 1
08:48:56.121, 71.51, 72, 54214, 16838, 214, 0, 91, 1
08:48:56.190, 71.51, 72, 53636, 16705, 214, 0, 91, 1
08:48:56.297, 71.51, 72, 54587, 17324, 214, 0, 91, 1
08:48:56.403, 71.51, 72, 55496, 17575, 214, 0, 91, 1
08:48:56.510, 71.51, 72, 56021, 17728, 214, 0, 91, 1
08:48:56.581, 71.51, 72, 55212, 16533, 214, 0, 91, 1
08:48:56.725, 71.51, 72, 52190, 16381, 214, 0, 91, 1
08:48:56.799, 71.51, 72, 53209, 16633, 214, 0, 91, 1
08:48:56.908, 71.51, 72, 53247, 16476, 214, 0, 91, 1
08:48:56.981, 71.51, 72, 53256, 16776, 214, 0, 91, 1
08:48:57.118, 71.51, 72, 54766, 17343, 214, 0, 91, 1
08:48:57.186, 71.51, 72, 55435, 17538, 214, 0, 91, 1
08:48:57.325, 78.95, 72, 55916, 17646, 214, 0, 91, 1
08:48:57.400, 78.95, 72, 54608, 16447, 214, 0, 91, 1
08:48:57.506, 78.95, 72, 53098, 16780, 214, 0, 91, 1
08:48:57.581, 78.95, 72, 54206, 17077, 214, 0, 91, 1
08:48:57.692, 78.95, 72, 54106, 16941, 214, 0, 91, 1
08:48:57.797, 78.95, 72, 54612, 17363, 214, 0, 91, 1
08:48:57.908, 78.95, 72, 56288, 17966, 150, 0, 97, 1
08:48:57.977, 78.95, 72, 56882, 18132, 150, 0, 97, 1
08:48:58.118, 78.95, 72, 57567, 18291, 150, 0, 97, 1
08:48:58.190, 78.95, 72, 55992, 17117, 150, 0, 97, 1
08:48:58.295, 78.95, 72, 55049, 17573, 150, 0, 97, 1
08:48:58.403, 78.95, 72, 56045, 17759, 150, 0, 97, 1
08:48:58.507, 78.95, 72, 55416, 17468, 150, 0, 97, 1
08:48:58.576, 78.95, 72, 55864, 17824, 150, 0, 97, 1
08:48:58.715, 78.95, 72, 57204, 18302, 150, 0, 97, 1
08:48:58.787, 78.95, 72, 57620, 18407, 150, 0, 97, 1
08:48:58.894, 78.95, 72, 56890, 17392, 150, 0, 97, 1
08:48:58.999, 78.95, 72, 54604, 17241, 150, 0, 97, 1
08:48:59.108, 78.95, 72, 56025, 17825, 150, 0, 97, 1
08:48:59.177, 78.95, 72, 56225, 17577, 150, 0, 97, 1
08:48:59.318, 78.95, 72, 55928, 17825, 150, 0, 97, 1
08:48:59.389, 78.95, 72, 56760, 18104, 150, 0, 97, 1
08:48:59.493, 78.95, 72, 57391, 18286, 150, 0, 97, 1
08:48:59.600, 78.95, 72, 57565, 18332, 150, 0, 97, 1
08:48:59.710, 62.43, 71, 54756, 16787, 150, 0, 97, 1
08:48:59.785, 62.43, 71, 54109, 17075, 150, 0, 97, 1
08:48:59.925, 62.43, 71, 55270, 17331, 150, 0, 97, 1
08:48:59.995, 62.43, 71, 55034, 17172, 150, 0, 97, 1
08:49:00.096, 62.43, 71, 55698, 17705, 150, 0, 97, 1
08:49:00.198, 62.43, 71, 56717, 18063, 150, 0, 97, 1
08:49:00.308, 62.43, 71, 57573, 18342, 150, 0, 97, 1
08:49:00.375, 62.43, 71, 57904, 18103, 214, 0, 100, 1
08:49:00.520, 62.43, 71, 54655, 17060, 214, 0, 100, 1
08:49:00.590, 62.43, 71, 55196, 17439, 214, 0, 100, 1
08:49:00.696, 62.43, 71, 56015, 17503, 214, 0, 100, 1
08:49:00.806, 62.43, 71, 55665, 17527, 214, 0, 100, 1
08:49:00.910, 62.43, 71, 56755, 18079, 214, 0, 100, 1
08:49:00.982, 62.43, 71, 57603, 18360, 214, 0, 100, 1
08:49:01.094, 62.43, 71, 58258, 18594, 214, 0, 100, 1
08:49:01.201, 62.43, 71, 58144, 17877, 214, 0, 100, 1
08:49:01.306, 62.43, 71, 55577, 17622, 214, 0, 100, 1
08:49:01.377, 62.43, 71, 56654, 18015, 214, 0, 100, 1
08:49:01.518, 62.43, 71, 57132, 17988, 214, 0, 100, 1
08:49:01.591, 78.84, 72, 57238, 18257, 214, 0, 100, 1
08:49:01.695, 78.84, 72, 58947, 18962, 214, 0, 100, 1
08:49:01.798, 78.84, 72, 59850, 19216, 214, 0, 100, 1
08:49:01.903, 78.84, 72, 60507, 19313, 214, 0, 100, 1
08:49:01.973, 78.84, 72, 59060, 18298, 214, 0, 100, 1
08:49:02.118, 78.84, 72, 57847, 18495, 214, 0, 100, 1
08:49:02.192, 78.84, 72, 58661, 18687, 214, 0, 100, 1
08:49:02.301, 78.84, 72, 58152, 18392, 214, 0, 100, 1
08:49:02.372, 78.84, 72, 58255, 18602, 214, 0, 100, 1
08:49:02.516, 78.84, 72, 59157, 18944, 214, 0, 100, 1
08:49:02.588, 78.84, 72, 59546, 19039, 214, 0, 100, 1
08:49:02.698, 78.84, 72, 58687, 18019, 214, 0, 100, 1
08:49:02.769, 78.84, 72, 56505, 17823, 214, 0, 100, 1
08:49:02.910, 78.84, 72, 57603, 18299, 214, 0, 100, 1
08:49:02.983, 78.84, 72, 57745, 18085, 214, 0, 100, 1
08:49:03.095, 78.84, 72, 57385, 18255, 214, 0, 100, 1
08:49:03.201, 78.84, 72, 58127, 18562, 214, 0, 100, 1
08:49:03.305, 78.84, 72, 59078, 18846, 214, 0, 100, 1
08:49:03.373, 78.84, 72, 59367, 18775, 214, 0, 100, 1
08:49:03.511, 78.95, 74, 56066, 17360, 214, 0, 100, 1
08:49:03.585, 78.95, 74, 56002, 17716, 214, 0, 100, 1
08:49:03.698, 78.95, 74, 57171, 17928, 214, 0, 100, 1
08:49:03.800, 78.95, 74, 56728, 17801, 214, 0, 100, 1
08:49:03.907, 78.95, 74, 57581, 18363, 214, 0, 100, 1
08:49:03.983, 78.95, 74, 58406, 18643, 214, 0, 100, 1
08:49:04.092, 78.95, 74, 59083, 18857, 214, 0, 100, 1
08:49:04.194, 78.95, 74, 58832, 18053, 214, 0, 100, 1
08:49:04.298, 78.95, 74, 55530, 17515, 214, 0, 100, 1
08:49:04.368, 78.95, 74, 56460, 17874, 214, 0, 100, 1
08:49:04.511, 78.95, 74, 56800, 17751, 214, 0, 100, 1
08:49:04.581, 78.95, 74, 56521, 17905, 214, 0, 100, 1
08:49:04.690, 78.95, 74, 57722, 18398, 214, 0, 100, 1
08:49:04.795, 78.95, 74, 58376, 18604, 214, 0, 100, 1
08:49:04.901, 78.95, 74, 58863, 18685, 214, 0, 100, 1
08:49:04.970, 78.95, 74, 57523, 17556, 214, 0, 100, 1
08:49:05.115, 78.95, 74, 55940, 17768, 214, 0, 100, 1
08:49:05.187, 88.24, 76, 57005, 18072, 214, 0, 100, 1
08:49:05.294, 88.24, 76, 56892, 17912, 214, 0, 100, 1
08:49:05.370, 88.24, 76, 57186, 18233, 150, 0, 100, 1
08:49:05.514, 88.24, 76, 58619, 18783, 150, 0, 100, 1
08:49:05.586, 88.24, 76, 59234, 18963, 150, 0, 100, 1
08:49:05.691, 88.24, 76, 59719, 19020, 150, 0, 100, 1
08:49:05.794, 88.24, 76, 58281, 17935, 150, 0, 100, 1
08:49:05.903, 88.24, 76, 56961, 18189, 150, 0, 100, 1
08:49:05.974, 88.24, 76, 57997, 18477, 150, 0, 100, 1
08:49:06.117, 88.24, 76, 57695, 18235, 150, 0, 100, 1
08:49:06.188, 88.24, 76, 57914, 18515, 150, 0, 100, 1
08:49:06.296, 88.24, 76, 59072, 18949, 150, 0, 100, 1
08:49:06.367, 88.24, 76, 59558, 19076, 150, 0, 100, 1
08:49:06.511, 88.24, 76, 58790, 18094, 150, 0, 100, 1
08:49:06.586, 88.24, 76, 56624, 17901, 150, 0, 100, 1
08:49:06.693, 88.24, 76, 58025, 18527, 150, 0, 100, 1
08:49:06.797, 88.24, 76, 58193, 18233, 150, 0, 100, 1
08:49:06.908, 88.24, 76, 57496, 18297, 150, 0, 100, 1
08:49:06.980, 88.24, 76, 58312, 18701, 150, 0, 100, 1
08:49:07.118, 88.24, 76, 59285, 18948, 150, 0, 100, 1
08:49:07.188, 88.24, 76, 59431, 18515, 150, 0, 100, 1
08:49:07.299, 88.24, 76, 55864, 17560, 150, 0, 100, 1
08:49:07.373, 68.18, 78, 56665, 18006, 150, 0, 100, 1
08:49:07.518, 68.18, 78, 57487, 17969, 150, 0, 100, 1
08:49:07.591, 68.18, 78, 56637, 17826, 150, 0, 100, 1
08:49:07.699, 68.18, 78, 57434, 18286, 150, 0, 100, 1
08:49:07.769, 68.18, 78, 58154, 18501, 150, 0, 100, 1
08:49:07.908, 68.18, 78, 58703, 18305, 150, 0, 98, 1
08:49:07.980, 68.18, 78, 55916, 16872, 150, 0, 98, 1
08:49:08.088, 68.18, 78, 54734, 17224, 150, 0, 98, 1
08:49:08.192, 68.18, 78, 55515, 17349, 150, 0, 98, 1
08:49:08.302, 68.18, 78, 54996, 17141, 150, 0, 98, 1
08:49:08.377, 68.18, 78, 55372, 17477, 150, 0, 98, 1
08:49:08.515, 68.18, 78, 56805, 17986, 150, 0, 98, 1
08:49:08.587, 68.18, 78, 57309, 18148, 150, 0, 98, 1
08:49:08.697, 68.18, 78, 55532, 16670, 150, 0, 98, 1
08:49:08.799, 68.18, 78, 53391, 16687, 150, 0, 98, 1
08:49:08.909, 68.18, 78, 54851, 17165, 150, 0, 98, 1
08:49:08.979, 68.18, 78, 54762, 16900, 150, 0, 98, 1
08:49:09.086, 68.18, 78, 54648, 17245, 150, 0, 98, 1
08:49:09.193, 68.18, 78, 55629, 17623, 150, 0, 98, 1
08:49:09.299, 68.18, 78, 56610, 17918, 150, 0, 98, 1
08:49:09.367, 68.18, 78, 56914, 17936, 150, 0, 98, 1
08:49:09.512, 68.18, 78, 53615, 16349, 150, 0, 98, 1
08:49:09.579, 68.18, 75, 53289, 16784, 150, 0, 98, 1
08:49:09.722, 68.18, 75, 54685, 17004, 150, 0, 98, 1
08:49:09.793, 68.18, 75, 54018, 16783, 150, 0, 98, 1
08:49:09.900, 68.18, 75, 54831, 17408, 150, 0, 98, 1
08:49:09.972, 68.18, 75, 55926, 17787, 150, 0, 98, 1
08:49:10.117, 68.18, 75, 56824, 18059, 150, 0, 98, 1
08:49:10.191, 68.18, 75, 57251, 18100, 150, 0, 98, 1
08:49:10.298, 68.18, 75, 54176, 16784, 150, 0, 98, 1
08:49:10.367, 68.18, 75, 54445, 17314, 136, 0, 97, 1
08:49:10.510, 68.18, 75, 56024, 17553, 136, 0, 97, 1
08:49:10.580, 68.18, 75, 55350, 17387, 136, 0, 97, 1
08:49:10.690, 68.18, 75, 56303, 18018, 136, 0, 97, 1
08:49:10.798, 68.18, 75, 57288, 18318, 136, 0, 97, 1
08:49:10.903, 68.18, 75, 57756, 18439, 136, 0, 97, 1
08:49:10.978, 68.18, 75, 57575, 17699, 136, 0, 97, 1
08:49:11.087, 68.18, 75, 54647, 17336, 136, 0, 97, 1
08:49:11.192, 68.18, 75, 55900, 17865, 136, 0, 97, 1
08:49:11.296, 68.18, 75, 56237, 17571, 136, 0, 97, 1
08:49:11.371, 68.18, 75, 55958, 17754, 136, 0, 97, 1
08:49:11.513, 68.18, 75, 57166, 18263, 136, 0, 97, 1
08:49:11.585, 68.18, 75, 57803, 18413, 136, 0, 97, 1
08:49:11.694, 68.18, 75, 57792, 17702, 136, 0, 97, 1
08:49:11.766, 68.18, 73, 54605, 16837, 136, 0, 97, 1
08:49:11.912, 68.18, 73, 55222, 17483, 136, 0, 97, 1
08:49:11.988, 68.18, 73, 56011, 17446, 136, 0, 97, 1
08:49:12.100, 68.18, 73, 55260, 17386, 136, 0, 97, 1
08:49:12.168, 68.18, 73, 56050, 17791, 136, 0, 97, 1
08:49:12.315, 68.18, 73, 57275, 18143, 136, 0, 97, 1
08:49:12.391, 68.18, 73, 57575, 18243, 136, 0, 97, 1
08:49:12.501, 68.18, 73, 55184, 16671, 136, 0, 97, 1
08:49:12.570, 68.18, 73, 53832, 16916, 136, 0, 97, 1
08:49:12.719, 68.18, 73, 55471, 17332, 136, 0, 97, 1
08:49:12.786, 68.18, 73, 55214, 17081, 136, 0, 97, 1
08:49:12.896, 68.18, 73, 55359, 17510, 166, 0, 99, 1
08:49:12.967, 68.18, 73, 56350, 17818, 166, 0, 99, 1
08:49:13.106, 68.18, 73, 57090, 18036, 166, 0, 99, 1
08:49:13.177, 68.18, 73, 57320, 17942, 166, 0, 99, 1
08:49:13.316, 68.18, 73, 53841, 16516, 166, 0, 99, 1
08:49:13.385, 68.18, 73, 53987, 16954, 166, 0, 99, 1
08:49:13.487, 68.18, 73, 55127, 17054, 166, 0, 99, 1
08:49:13.597, 68.18, 73, 54435, 16911, 166, 0, 99, 1
08:49:13.705, 68.18, 73, 55305, 17460, 166, 0, 99, 1
08:49:13.776, 68.18, 73, 56207, 17779, 166, 0, 99, 1
08:49:13.914, 71.43, 68, 56904, 18010, 166, 0, 99, 1
08:49:13.991, 71.43, 68, 57315, 17754, 166, 0, 99, 1
08:49:14.096, 71.43, 68, 53969, 16838, 166, 0, 99, 1
08:49:14.165, 71.43, 68, 54899, 17367, 166, 0, 99, 1
08:49:14.305, 71.43, 68, 55938, 17419, 166, 0, 99, 1
08:49:14.379, 71.43, 68, 55436, 17437, 166, 0, 99, 1
08:49:14.516, 71.43, 68, 56651, 18072, 166, 0, 99, 1
08:49:14.584, 71.43, 68, 57564, 18359, 166, 0, 99, 1
08:49:14.688, 71.43, 68, 58241, 18575, 166, 0, 99, 1
08:49:14.799, 71.43, 68, 57717, 17681, 166, 0, 99, 1
08:49:14.905, 71.43, 68, 55433, 17640, 166, 0, 99, 1
08:49:14.972, 71.43, 68, 56615, 18049, 166, 0, 99, 1
08:49:15.082, 71.43, 68, 56624, 17742, 166, 0, 99, 1
08:49:15.187, 71.43, 68, 56464, 17955, 166, 0, 99, 1
08:49:15.297, 71.43, 68, 57754, 18462, 166, 0, 99, 1
08:49:15.364, 71.43, 68, 58418, 18657, 214, 0, 99, 1
08:49:15.509, 71.43, 68, 57328, 17496, 214, 0, 99, 1
08:49:15.580, 71.43, 68, 55220, 17421, 214, 0, 99, 1
08:49:15.686, 71.43, 68, 56731, 17992, 214, 0, 99, 1
08:49:15.793, 71.43, 68, 56874, 17764, 214, 0, 99, 1
08:49:15.903, 71.43, 68, 56510, 17938, 214, 0, 99, 1
08:49:15.974, 71.43, 68, 57426, 18324, 214, 0, 99, 1
08:49:16.084, 71.43, 68, 58311, 18595, 214, 0, 99, 1
08:49:16.190, 65.15, 68, 58372, 17929, 214, 0, 99, 1
08:49:16.295, 65.15, 68, 54395, 17069, 214, 0, 99, 1
08:49:16.367, 65.15, 68, 55361, 17466, 214, 0, 99, 1
08:49:16.513, 65.15, 68, 55766, 17306, 214, 0, 99, 1
08:49:16.584, 65.15, 68, 55257, 17370, 214, 0, 99, 1
08:49:16.688, 65.15, 68, 56509, 17944, 214, 0, 99, 1
08:49:16.794, 65.15, 68, 57227, 18157, 214, 0, 99, 1
08:49:16.903, 65.15, 68, 57397, 17520, 214, 0, 99, 1
08:49:16.975, 65.15, 68, 54212, 16683, 214, 0, 99, 1
08:49:17.084, 65.15, 68, 54798, 17247, 214, 0, 99, 1
08:49:17.187, 65.15, 68, 55367, 17238, 214, 0, 99, 1
08:49:17.294, 65.15, 68, 54803, 17255, 214, 0, 99, 1
08:49:17.366, 65.15, 68, 55677, 17663, 214, 0, 99, 1
08:49:17.507, 65.15, 68, 56773, 18004, 214, 0, 99, 1
08:49:17.578, 65.15, 68, 57123, 18111, 214, 0, 99, 1
08:49:17.684, 65.15, 68, 54772, 16708, 214, 0, 99, 1
08:49:17.786, 65.15, 68, 53826, 17003, 214, 0, 99, 1
08:49:17.895, 65.15, 68, 55189, 17331, 150, 0, 96, 1
08:49:17.970, 65.15, 68, 54953, 17171, 150, 0, 96, 1
08:49:18.115, 65.15, 68, 55593, 17706, 150, 0, 96, 1
08:49:18.183, 65.15, 68, 56511, 18020, 150, 0, 96, 1
08:49:18.293, 65.15, 68, 57305, 18282, 150, 0, 96, 1
08:49:18.365, 65.15, 68, 57631, 18368, 150, 0, 96, 1
08:49:18.504, 65.29, 67, 55233, 17148, 150, 0, 96, 1
08:49:18.578, 65.29, 67, 54965, 17501, 150, 0, 96, 1
08:49:18.684, 65.29, 67, 56081, 17658, 150, 0, 96, 1
08:49:18.789, 65.29, 67, 55485, 17468, 150, 0, 96, 1
08:49:18.896, 65.29, 67, 56113, 17932, 150, 0, 96, 1
08:49:18.964, 65.29, 67, 56891, 18179, 150, 0, 96, 1
08:49:19.102, 65.29, 67, 57468, 18360, 150, 0, 96, 1
08:49:19.171, 65.29, 67, 56969, 17534, 150, 0, 96, 1
08:49:19.315, 65.29, 67, 54904, 17506, 150, 0, 96, 1
08:49:19.385, 65.29, 67, 55827, 17809, 150, 0, 96, 1
08:49:19.494, 65.29, 67, 55748, 17589, 150, 0, 96, 1
08:49:19.564, 65.29, 67, 55820, 17848, 150, 0, 96, 1
08:49:19.704, 65.29, 67, 57099, 18333, 150, 0, 96, 1
08:49:19.777, 65.29, 67, 57597, 18462, 150, 0, 96, 1
08:49:19.915, 65.29, 67, 57642, 17823, 150, 0, 96, 1
08:49:19.988, 65.29, 67, 54678, 17086, 150, 0, 96, 1
08:49:20.099, 65.29, 67, 55084, 17503, 150, 0, 96, 1
08:49:20.169, 65.29, 67, 55470, 17461, 150, 0, 96, 1
08:49:20.311, 65.29, 67, 54934, 17503, 150, 0, 96, 1
08:49:20.382, 65.29, 67, 55822, 17895, 166, 0, 95, 1
08:49:20.490, 65.29, 67, 56771, 18166, 166, 0, 95, 1
08:49:20.596, 65.29, 67, 57018, 18265, 166, 0, 95, 1
08:49:20.703, 68.1, 67, 56679, 17359, 166, 0, 95, 1
08:49:20.772, 68.1, 67, 53590, 16798, 166, 0, 95, 1
08:49:20.915, 68.1, 67, 54382, 17254, 166, 0, 95, 1
08:49:20.985, 68.1, 67, 54612, 17144, 166, 0, 95, 1
08:49:21.095, 68.1, 67, 54267, 17324, 166, 0, 95, 1
08:49:21.169, 68.1, 67, 55234, 17673, 166, 0, 95, 1
08:49:21.312, 68.1, 67, 55965, 17859, 166, 0, 95, 1
08:49:21.383, 68.1, 67, 56005, 17865, 166, 0, 95, 1
08:49:21.491, 68.1, 67, 55845, 17116, 166, 0, 95, 1
08:49:21.592, 68.1, 67, 52763, 16505, 166, 0, 95, 1
08:49:21.702, 68.1, 67, 53903, 17225, 166, 0, 95, 1
08:49:21.772, 68.1, 67, 54554, 17183, 166, 0, 95, 1
08:49:21.913, 68.1, 67, 54009, 17276, 166, 0, 95, 1
08:49:21.983, 68.1, 67, 54886, 17637, 166, 0, 95, 1
08:49:22.092, 68.1, 67, 56045, 18030, 166, 0, 95, 1
08:49:22.165, 68.1, 67, 56443, 18194, 166, 0, 95, 1
08:49:22.309, 68.1, 67, 57209, 18172, 166, 0, 95, 1
08:49:22.378, 68.1, 67, 54957, 17078, 166, 0, 95, 1
08:49:22.487, 68.1, 67, 54611, 17582, 166, 0, 95, 1
08:49:22.592, 68.1, 67, 55459, 17698, 166, 0, 95, 1
08:49:22.700, 68.1, 67, 54602, 17435, 166, 0, 95, 1
08:49:22.773, 68.1, 67, 55060, 17749, 166, 0, 95, 1
08:49:22.916, 68.18, 66, 56285, 18195, 166, 0, 94, 1
08:49:22.985, 68.18, 66, 56684, 18291, 166, 0, 94, 1
08:49:23.096, 68.18, 66, 56625, 17595, 166, 0, 94, 1
08:49:23.168, 68.18, 66, 53712, 16999, 166, 0, 94, 1
08:49:23.277, 68.18, 66, 54668, 17628, 166, 0, 94, 1
08:49:23.383, 68.18, 66, 55350, 17580, 166, 0, 94, 1
08:49:23.489, 68.18, 66, 54792, 17658, 166, 0, 94, 1
08:49:23.561, 68.18, 66, 55684, 18047, 166, 0, 94, 1
08:49:23.707, 68.18, 66, 56808, 18390, 166, 0, 94, 1
08:49:23.781, 68.18, 66, 57113, 18483, 166, 0, 94, 1
08:49:23.889, 68.18, 66, 55316, 17026, 166, 0, 94, 1
08:49:23.960, 68.18, 66, 53266, 17076, 166, 0, 94, 1
08:49:24.103, 68.18, 66, 54783, 17574, 166, 0, 94, 1
08:49:24.173, 68.18, 66, 54765, 17326, 166, 0, 94, 1
08:49:24.277, 68.18, 66, 54731, 17680, 166, 0, 94, 1
08:49:24.383, 68.18, 66, 55687, 18024, 166, 0, 94, 1
08:49:24.490, 68.18, 66, 56644, 18305, 166, 0, 94, 1
08:49:24.561, 68.18, 66, 56873, 18203, 166, 0, 94, 1
08:49:24.704, 68.18, 66, 53404, 16789, 166, 0, 94, 1
08:49:24.775, 68.18, 66, 53554, 17231, 166, 0, 94, 1
08:49:24.912, 68.18, 66, 54703, 17391, 166, 0, 94, 1
08:49:24.983, 68.18, 66, 54153, 17217, 166, 0, 94, 1
08:49:25.090, 68.18, 66, 54968, 17779, 166, 0, 94, 1
08:49:25.157, 68.18, 66, 55860, 18078, 166, 0, 94, 1
08:49:25.298, 62.5, 65, 56611, 18322, 166, 0, 94, 1
08:49:25.370, 62.5, 65, 56465, 17510, 214, 0, 98, 1
08:49:25.480, 62.5, 65, 53514, 17244, 214, 0, 98, 1
08:49:25.586, 62.5, 65, 54813, 17699, 214, 0, 98, 1
08:49:25.691, 62.5, 65, 55282, 17561, 214, 0, 98, 1
08:49:25.759, 62.5, 65, 55042, 17765, 214, 0, 98, 1
08:49:25.904, 62.5, 65, 56588, 18415, 214, 0, 98, 1
08:49:25.974, 62.5, 65, 57386, 18638, 214, 0, 98, 1
08:49:26.084, 62.5, 65, 57945, 18593, 214, 0, 98, 1
08:49:26.186, 62.5, 65, 55864, 17390, 214, 0, 98, 1
08:49:26.288, 62.5, 65, 55115, 17875, 214, 0, 98, 1
08:49:26.359, 62.5, 65, 56235, 18100, 214, 0, 98, 1
08:49:26.501, 62.5, 65, 55566, 17784, 214, 0, 98, 1
08:49:26.568, 62.5, 65, 56006, 18160, 214, 0, 98, 1
08:49:26.709, 62.5, 65, 57514, 18682, 214, 0, 98, 1
08:49:26.778, 62.5, 65, 58003, 18804, 214, 0, 98, 1
08:49:26.884, 62.5, 65, 55779, 17356, 214, 0, 98, 1
08:49:26.992, 62.5, 65, 54588, 17604, 214, 0, 98, 1
08:49:27.101, 62.5, 65, 56440, 18143, 214, 0, 98, 1
08:49:27.172, 62.5, 65, 56195, 17837, 214, 0, 98, 1
08:49:27.315, 62.5, 65, 56356, 18295, 214, 0, 98, 1
08:49:27.389, 62.5, 65, 57434, 18644, 214, 0, 98, 1
08:49:27.492, 62.5, 65, 58195, 18870, 214, 0, 98, 1
08:49:27.562, 62.5, 65, 57885, 17873, 214, 0, 98, 1
08:49:27.699, 62.5, 65, 53905, 17300, 214, 0, 98, 1
08:49:27.770, 62.5, 65, 55168, 17742, 214, 0, 98, 1
08:49:27.877, 62.5, 65, 55455, 17480, 166, 0, 99, 1
08:49:27.980, 62.5, 65, 55015, 17640, 166, 0, 99, 1
08:49:28.090, 62.5, 65, 56491, 18266, 166, 0, 99, 1
08:49:28.159, 62.5, 65, 57197, 18435, 166, 0, 99, 1
08:49:28.302, 62.5, 65, 57493, 17906, 166, 0, 99, 1
08:49:28.369, 62.5, 65, 54103, 16734, 166, 0, 99, 1
08:49:28.508, 62.5, 65, 54274, 17386, 166, 0, 99, 1
08:49:28.577, 62.5, 65, 55071, 17399, 166, 0, 99, 1
08:49:28.683, 62.5, 65, 54108, 17205, 166, 0, 99, 1
08:49:28.788, 62.5, 65, 54938, 17662, 166, 0, 99, 1
08:49:28.892, 62.5, 65, 56429, 18155, 166, 0, 99, 1
08:49:28.961, 62.5, 65, 56891, 18293, 166, 0, 99, 1
08:49:29.102, 62.5, 65, 54988, 16783, 166, 0, 99, 1
08:49:29.169, 62.5, 65, 53112, 16970, 166, 0, 99, 1
08:49:29.308, 62.5, 65, 55151, 17579, 166, 0, 99, 1
08:49:29.379, 62.5, 65, 54976, 17250, 166, 0, 99, 1
08:49:29.485, 62.5, 65, 55031, 17689, 166, 0, 99, 1
08:49:29.556, 62.5, 65, 56096, 18091, 166, 0, 99, 1
08:49:29.702, 62.5, 65, 57175, 18388, 166, 0, 99, 1
08:49:29.769, 62.5, 65, 57495, 18288, 166, 0, 99, 1
08:49:29.912, 62.5, 65, 53833, 16908, 166, 0, 99, 1
08:49:29.986, 62.5, 65, 54363, 17486, 166, 0, 99, 1
08:49:30.093, 62.5, 65, 55813, 17541, 166, 0, 99, 1
08:49:30.161, 62.5, 65, 54743, 17301, 166, 0, 99, 1
08:49:30.305, 62.5, 65, 55720, 17970, 166, 0, 99, 1
08:49:30.375, 62.5, 65, 56856, 18314, 166, 0, 100, 1
08:49:30.482, 62.5, 65, 57478, 18221, 166, 0, 100, 1
08:49:30.556, 62.5, 65, 55143, 16800, 166, 0, 100, 1
08:49:30.699, 62.5, 65, 53897, 17254, 166, 0, 100, 1
08:49:30.768, 62.5, 65, 55232, 17576, 166, 0, 100, 1
08:49:30.911, 62.5, 65, 54625, 17224, 166, 0, 100, 1
08:49:30.982, 62.5, 65, 55057, 17635, 166, 0, 100, 1
08:49:31.089, 62.5, 65, 56726, 18194, 166, 0, 100, 1
08:49:31.157, 62.5, 65, 57153, 18275, 166, 0, 100, 1
08:49:31.299, 62.5, 65, 55886, 16820, 166, 0, 100, 1
08:49:31.369, 62.5, 65, 52575, 16424, 166, 0, 100, 1
08:49:31.508, 62.5, 65, 53985, 17059, 166, 0, 100, 1
08:49:31.575, 62.5, 65, 54343, 16842, 166, 0, 100, 1
08:49:31.683, 23.42, 55, 53797, 17028, 166, 0, 100, 1
08:49:31.783, 23.42, 55, 54928, 17495, 166, 0, 100, 1
08:49:31.894, 23.42, 55, 56084, 17816, 166, 0, 100, 1
08:49:31.969, 23.42, 55, 56330, 17886, 166, 0, 100, 1
08:49:32.076, 23.42, 55, 53323, 16107, 166, 0, 100, 1
08:49:32.183, 23.42, 55, 52228, 16448, 166, 0, 100, 1
08:49:32.285, 23.42, 55, 53937, 16841, 166, 0, 100, 1
08:49:32.357, 23.42, 55, 53478, 16522, 166, 0, 100, 1
08:49:32.504, 23.42, 55, 53896, 17063, 166, 0, 100, 1
08:49:32.575, 23.42, 55, 54928, 17416, 166, 0, 100, 1
08:49:32.683, 23.42, 55, 55783, 17656, 166, 0, 100, 1
08:49:32.788, 23.42, 55, 56126, 17557, 166, 0, 100, 1
08:49:32.895, 23.42, 55, 52422, 16140, 166, 0, 97, 1
08:49:32.964, 23.42, 55, 52896, 16699, 166, 0, 97, 1
08:49:33.107, 23.42, 55, 54416, 16856, 166, 0, 97, 1
08:49:33.175, 23.42, 55, 53614, 16706, 166, 0, 97, 1
08:49:33.279, 23.42, 55, 54798, 17412, 166, 0, 97, 1
08:49:33.380, 23.42, 55, 55918, 17780, 166, 0, 97, 1
08:49:33.487, 83.45, 59, 56650, 18001, 166, 0, 97, 1
08:49:33.557, 83.45, 59, 56594, 17173, 166, 0, 97, 1
08:49:33.701, 83.45, 59, 53030, 16672, 166, 0, 97, 1
08:49:33.773, 83.45, 59, 54410, 17224, 166, 0, 97, 1
08:49:33.876, 83.45, 59, 54709, 16875, 166, 0, 97, 1
08:49:33.985, 83.45, 59, 54094, 16987, 166, 0, 97, 1
08:49:34.090, 83.45, 59, 55598, 17660, 166, 0, 97, 1
08:49:34.165, 83.45, 59, 56411, 17850, 166, 0, 97, 1
08:49:34.303, 83.45, 59, 56252, 16945, 166, 0, 97, 1
08:49:34.378, 83.45, 59, 52862, 16194, 166, 0, 97, 1
08:49:34.486, 83.45, 59, 53886, 16968, 166, 0, 97, 1
08:49:34.556, 83.45, 59, 54786, 16910, 166, 0, 97, 1
08:49:34.700, 83.45, 59, 53931, 16894, 166, 0, 97, 1
08:49:34.768, 83.45, 59, 54955, 17374, 166, 0, 97, 1
08:49:34.875, 83.45, 59, 56321, 17774, 166, 0, 97, 1
08:49:34.981, 83.45, 59, 56681, 17535, 166, 0, 97, 1
08:49:35.089, 83.45, 59, 52191, 15873, 166, 0, 97, 1
08:49:35.161, 83.45, 59, 52513, 16381, 166, 0, 97, 1
08:49:35.304, 83.45, 59, 53775, 16465, 166, 0, 97, 1
08:49:35.374, 83.45, 59, 52991, 16311, 214, 0, 99, 1
08:49:35.487, 83.45, 59, 54086, 16985, 214, 0, 99, 1
08:49:35.555, 83.45, 59, 55041, 17274, 214, 0, 99, 1
08:49:35.698, 83.45, 59, 55681, 17183, 214, 0, 99, 1
08:49:35.768, 65.08, 58, 53237, 15707, 214, 0, 99, 1
08:49:35.874, 65.08, 58, 51779, 16075, 214, 0, 99, 1
08:49:35.981, 65.08, 58, 52874, 16310, 214, 0, 99, 1
08:49:36.095, 65.08, 58, 52281, 16007, 214, 0, 99, 1
08:49:36.163, 65.08, 58, 52760, 16464, 214, 0, 99, 1
08:49:36.309, 65.08, 58, 54316, 17025, 214, 0, 99, 1
08:49:36.381, 65.08, 58, 54980, 17252, 214, 0, 99, 1
08:49:36.483, 65.08, 58, 53783, 15943, 214, 0, 99, 1
08:49:36.555, 65.08, 58, 51577, 15956, 214, 0, 99, 1
08:49:36.703, 65.08, 58, 53466, 16651, 214, 0, 99, 1
08:49:36.772, 65.08, 58, 53691, 16460, 214, 0, 99, 1
08:49:36.882, 65.08, 58, 53758, 16853, 214, 0, 99, 1
08:49:36.990, 65.08, 58, 54931, 17334, 214, 0, 99, 1
08:49:37.098, 65.08, 58, 56148, 17712, 214, 0, 99, 1
08:49:37.168, 65.08, 58, 56529, 17407, 214, 0, 99, 1
08:49:37.274, 65.08, 58, 53141, 16493, 214, 0, 99, 1
08:49:37.379, 65.08, 58, 54146, 17044, 214, 0, 99, 1
08:49:37.482, 65.08, 58, 55168, 17006, 214, 0, 99, 1
08:49:37.554, 65.08, 58, 54469, 16977, 214, 0, 99, 1
08:49:37.699, 79.16, 62, 55638, 17607, 214, 0, 99, 1
08:49:37.773, 79.16, 62, 56605, 17901, 214, 0, 99, 1
08:49:37.880, 79.16, 62, 56818, 17303, 166, 0, 97, 1
08:49:37.985, 79.16, 62, 54010, 16566, 166, 0, 97, 1
08:49:38.094, 79.16, 62, 54722, 17240, 166, 0, 97, 1
08:49:38.164, 79.16, 62, 55613, 17270, 166, 0, 97, 1
08:49:38.304, 79.16, 62, 55042, 17289, 166, 0, 97, 1
08:49:38.375, 79.16, 62, 55975, 17723, 166, 0, 97, 1
08:49:38.482, 79.16, 62, 57249, 18124, 166, 0, 97, 1
08:49:38.553, 79.16, 62, 57651, 18136, 166, 0, 97, 1
08:49:38.698, 79.16, 62, 54295, 16539, 166, 0, 97, 1
08:49:38.766, 79.16, 62, 53955, 16931, 166, 0, 97, 1
08:49:38.873, 79.16, 62, 55195, 17115, 166, 0, 97, 1
08:49:38.976, 79.16, 62, 54705, 16933, 166, 0, 97, 1
08:49:39.080, 79.16, 62, 55404, 17478, 166, 0, 97, 1
08:49:39.185, 79.16, 62, 56347, 17796, 166, 0, 97, 1
08:49:39.291, 79.16, 62, 57057, 18010, 166, 0, 97, 1
08:49:39.362, 79.16, 62, 56583, 17039, 166, 0, 97, 1
08:49:39.501, 79.16, 62, 53429, 16705, 166, 0, 97, 1
08:49:39.572, 79.16, 62, 54509, 17060, 166, 0, 97, 1
08:49:39.681, 79.16, 62, 54651, 16870, 166, 0, 97, 1
08:49:39.753, 79.16, 62, 54573, 17153, 166, 0, 97, 1
08:49:39.895, 79.16, 62, 56090, 17760, 166, 0, 97, 1
08:49:39.967, 79.16, 62, 56879, 17997, 166, 0, 97, 1
08:49:40.074, 79.16, 62, 57447, 17850, 166, 0, 97, 1
08:49:40.180, 79.16, 62, 54976, 16721, 166, 0, 97, 1
08:49:40.287, 79.16, 62, 54809, 17355, 166, 0, 97, 1
08:49:40.355, 79.16, 62, 55858, 17536, 187, 0, 92, 1
08:49:40.495, 79.16, 62, 55304, 17384, 187, 0, 92, 1
08:49:40.569, 79.16, 62, 55991, 17822, 187, 0, 92, 1
08:49:40.678, 79.16, 62, 57414, 18310, 187, 0, 92, 1
08:49:40.782, 79.16, 62, 57926, 18474, 187, 0, 92, 1
08:49:40.894, 79.16, 62, 57355, 17464, 187, 0, 92, 1
08:49:40.965, 79.16, 62, 54767, 17231, 187, 0, 92, 1
08:49:41.106, 79.16, 62, 56202, 17890, 187, 0, 92, 1
08:49:41.179, 79.16, 62, 56613, 17699, 187, 0, 92, 1
08:49:41.288, 79.16, 62, 56153, 17871, 187, 0, 92, 1
08:49:41.361, 79.16, 62, 57100, 18258, 187, 0, 92, 1
08:49:41.501, 79.16, 62, 58148, 18568, 187, 0, 92, 1
08:49:41.571, 79.16, 62, 58424, 18302, 187, 0, 92, 1
08:49:41.673, 79.16, 62, 54562, 17070, 187, 0, 92, 1
08:49:41.781, 79.16, 62, 55240, 17557, 187, 0, 92, 1
08:49:41.886, 79.16, 62, 56360, 17602, 187, 0, 92, 1
08:49:41.956, 79.16, 62, 55707, 17547, 187, 0, 92, 1
08:49:42.101, 79.16, 62, 56822, 18142, 187, 0, 92, 1
08:49:42.172, 79.16, 62, 57659, 18392, 187, 0, 92, 1
08:49:42.275, 79.16, 62, 58185, 18515, 187, 0, 92, 1
08:49:42.381, 79.16, 62, 57223, 17306, 187, 0, 92, 1
08:49:42.487, 79.16, 62, 54235, 17143, 187, 0, 92, 1
08:49:42.561, 79.16, 62, 55432, 17508, 187, 0, 92, 1
08:49:42.703, 79.16, 62, 55372, 17221, 187, 0, 92, 1
08:49:42.774, 79.16, 62, 55322, 17520, 187, 0, 92, 1
08:49:42.880, 79.16, 62, 56751, 18059, 166, 0, 96, 1
08:49:42.951, 79.16, 62, 57442, 18258, 166, 0, 96, 1
08:49:43.095, 79.16, 62, 57716, 17857, 166, 0, 96, 1
08:49:43.172, 79.16, 62, 54787, 16686, 166, 0, 96, 1
08:49:43.278, 79.16, 62, 54662, 17279, 166, 0, 96, 1
08:49:43.379, 79.16, 62, 55695, 17436, 166, 0, 96, 1
08:49:43.484, 79.16, 62, 55054, 17294, 166, 0, 96, 1
08:49:43.561, 79.16, 62, 55841, 17748, 166, 0, 96, 1
08:49:43.701, 79.16, 62, 57277, 18217, 166, 0, 96, 1
08:49:43.771, 79.16, 62, 57766, 18393, 166, 0, 96, 1
08:49:43.879, 79.16, 62, 56975, 17201, 166, 0, 96, 1
08:49:43.984, 79.16, 62, 54084, 16917, 166, 0, 96, 1
08:49:44.087, 79.16, 62, 55668, 17635, 166, 0, 96, 1
08:49:44.158, 79.16, 62, 56071, 17406, 166, 0, 96, 1
08:49:44.299, 79.16, 62, 55391, 17514, 166, 0, 96, 1
08:49:44.372, 79.16, 62, 56371, 17933, 166, 0, 96, 1
08:49:44.481, 79.16, 62, 57511, 18284, 166, 0, 96, 1
08:49:44.552, 79.16, 62, 57828, 18096, 166, 0, 96, 1
08:49:44.693, 79.16, 62, 54136, 16829, 166, 0, 96, 1
08:49:44.765, 79.16, 62, 54796, 17375, 166, 0, 96, 1
08:49:44.871, 79.16, 62, 56212, 17472, 166, 0, 96, 1
08:49:44.971, 79.16, 62, 55329, 17278, 166, 0, 96, 1
08:49:45.079, 79.16, 62, 56195, 17858, 166, 0, 96, 1
08:49:45.185, 79.16, 62, 57149, 18151, 166, 0, 96, 1
08:49:45.293, 79.16, 62, 57750, 17970, 166, 0, 96, 1
08:49:45.369, 79.16, 62, 55046, 16557, 187, 0, 99, 1
08:49:45.474, 79.16, 62, 54099, 17020, 187, 0, 99, 1
08:49:45.580, 79.16, 62, 55271, 17294, 187, 0, 99, 1
08:49:45.685, 79.16, 62, 54600, 16965, 187, 0, 99, 1
08:49:45.761, 79.16, 62, 55054, 17375, 187, 0, 99, 1
08:49:45.906, 79.16, 62, 56533, 17862, 187, 0, 99, 1
08:49:45.978, 79.16, 62, 57054, 17998, 187, 0, 99, 1
08:49:46.086, 79.16, 62, 54152, 16271, 187, 0, 99, 1
08:49:46.159, 17.64, 62, 53048, 16560, 187, 0, 99, 1
08:49:46.267, 17.64, 62, 54732, 16997, 187, 0, 99, 1
08:49:46.378, 17.64, 62, 54444, 16744, 187, 0, 99, 1
08:49:46.486, 17.64, 62, 54748, 17202, 187, 0, 99, 1
08:49:46.553, 17.64, 62, 55730, 17553, 187, 0, 99, 1
08:49:46.696, 17.64, 62, 56553, 17499, 187, 0, 99, 1
08:49:46.768, 17.64, 62, 54152, 16110, 187, 0, 99, 1
08:49:46.874, 17.64, 62, 53037, 16547, 187, 0, 99, 1
08:49:46.979, 17.64, 62, 54194, 16806, 187, 0, 99, 1
08:49:47.088, 17.64, 62, 53592, 16523, 187, 0, 99, 1
08:49:47.163, 17.64, 62, 54070, 16932, 187, 0, 99, 1
08:49:47.273, 17.64, 62, 55351, 17363, 187, 0, 99, 1
08:49:47.375, 17.64, 62, 55844, 17062, 187, 0, 99, 1
08:49:47.482, 17.64, 62, 51850, 15869, 187, 0, 99, 1
08:49:47.554, 17.64, 62, 52669, 16422, 187, 0, 99, 1
08:49:47.701, 17.64, 62, 53681, 16391, 187, 0, 99, 1
08:49:47.773, 17.64, 62, 53020, 16393, 187, 0, 99, 1
08:49:47.879, 17.64, 62, 54188, 16980, 187, 0, 100, 1
08:49:47.949, 17.64, 62, 54984, 17247, 187, 0, 100, 1
08:49:48.090, 17.64, 62, 53784, 15876, 187, 0, 100, 1
08:49:48.162, 17.64, 62, 51320, 15854, 187, 0, 100, 1
08:49:48.297, 17.64, 62, 53088, 16492, 187, 0, 100, 1
08:49:48.369, 68.1, 73, 53154, 16234, 187, 0, 100, 1
08:49:48.476, 68.1, 73, 53147, 16653, 187, 0, 100, 1
08:49:48.550, 68.1, 73, 54239, 17082, 187, 0, 100, 1
08:49:48.689, 68.1, 73, 55441, 17429, 187, 0, 100, 1
08:49:48.761, 68.1, 73, 54600, 16287, 187, 0, 100, 1
08:49:48.905, 68.1, 73, 52128, 16369, 187, 0, 100, 1
08:49:48.976, 68.1, 73, 53769, 16897, 187, 0, 100, 1
08:49:49.082, 68.1, 73, 53854, 16685, 187, 0, 100, 1
08:49:49.155, 68.1, 73, 54067, 17043, 187, 0, 100, 1
08:49:49.298, 68.1, 73, 55702, 17644, 187, 0, 100, 1
08:49:49.364, 68.1, 73, 56251, 17832, 187, 0, 100, 1
08:49:49.470, 68.1, 73, 55366, 16750, 187, 0, 100, 1
08:49:49.571, 68.1, 73, 53430, 16745, 187, 0, 100, 1
08:49:49.677, 68.1, 73, 54970, 17354, 187, 0, 100, 1
08:49:49.750, 68.1, 73, 55111, 17092, 187, 0, 100, 1
08:49:49.887, 68.1, 73, 54878, 17370, 187, 0, 100, 1
08:49:49.958, 68.1, 73, 55822, 17729, 187, 0, 100, 1
08:49:50.104, 68.1, 73, 56801, 17898, 187, 0, 100, 1
08:49:50.176, 68.1, 73, 55405, 16733, 187, 0, 100, 1
08:49:50.282, 68.1, 73, 53735, 16928, 187, 0, 100, 1
08:49:50.356, 68.1, 73, 54849, 17277, 214, 0, 97, 1
08:49:50.466, 71.51, 70, 54648, 17035, 214, 0, 97, 1
08:49:50.571, 71.51, 70, 54947, 17395, 214, 0, 97, 1
08:49:50.673, 71.51, 70, 56270, 17859, 214, 0, 97, 1
08:49:50.745, 71.51, 70, 56783, 18053, 214, 0, 97, 1
08:49:50.886, 71.51, 70, 54863, 16509, 214, 0, 97, 1
08:49:50.958, 71.51, 70, 52851, 16525, 214, 0, 97, 1
08:49:51.066, 71.51, 70, 54200, 16978, 214, 0, 97, 1
08:49:51.176, 71.51, 70, 54186, 16800, 214, 0, 97, 1
08:49:51.285, 71.51, 70, 54313, 17197, 214, 0, 97, 1
08:49:51.358, 71.51, 70, 55319, 17587, 214, 0, 97, 1
08:49:51.465, 71.51, 70, 56292, 17911, 214, 0, 97, 1
08:49:51.572, 71.51, 70, 56537, 17472, 214, 0, 97, 1
08:49:51.674, 71.51, 70, 52748, 16473, 214, 0, 97, 1
08:49:51.745, 71.51, 70, 53554, 16921, 214, 0, 97, 1
08:49:51.868, 71.51, 70, 54249, 16918, 214, 0, 97, 1
08:49:51.972, 71.51, 70, 53836, 16989, 214, 0, 97, 1
08:49:52.086, 71.51, 70, 55068, 17615, 214, 0, 97, 1
08:49:52.160, 71.51, 70, 55908, 17866, 214, 0, 97, 1
08:49:52.270, 71.51, 70, 56488, 18050, 214, 0, 97, 1
08:49:52.381, 71.51, 70, 55941, 17095, 214, 0, 97, 1
08:49:52.490, 71.51, 70, 53210, 16950, 214, 0, 97, 1
08:49:52.558, 71.51, 70, 54433, 17373, 214, 0, 97, 1
08:49:52.696, 71.51, 70, 54616, 17222, 214, 0, 97, 1
08:49:52.771, 65.22, 70, 54773, 17565, 214, 0, 97, 1
08:49:52.874, 65.22, 70, 56231, 18122, 214, 0, 100, 1
08:49:52.945, 65.22, 70, 56947, 18357, 214, 0, 100, 1
08:49:53.090, 65.22, 70, 57496, 18580, 214, 0, 100, 1
08:49:53.166, 65.22, 70, 57389, 17823, 214, 0, 100, 1
08:49:53.276, 65.22, 70, 54487, 17517, 214, 0, 100, 1
08:49:53.344, 65.22, 70, 55663, 17946, 214, 0, 100, 1
08:49:53.482, 65.22, 70, 55881, 17700, 214, 0, 100, 1
08:49:53.549, 65.22, 70, 55559, 17852, 214, 0, 100, 1
08:49:53.694, 65.22, 70, 56808, 18400, 214, 0, 100, 1
08:49:53.764, 65.22, 70, 57535, 18592, 214, 0, 100, 1
08:49:53.868, 65.22, 70, 57973, 18443, 214, 0, 100, 1
08:49:53.977, 65.22, 70, 55826, 17424, 214, 0, 100, 1
08:49:54.084, 65.22, 70, 55429, 17897, 214, 0, 100, 1
08:49:54.152, 65.22, 70, 56517, 18141, 214, 0, 100, 1
08:49:54.295, 65.22, 70, 55909, 17891, 214, 0, 100, 1
08:49:54.370, 65.22, 70, 56415, 18258, 214, 0, 100, 1
08:49:54.477, 65.22, 70, 57761, 18705, 214, 0, 100, 1
08:49:54.547, 65.22, 70, 58237, 18863, 214, 0, 100, 1
08:49:54.684, 65.22, 70, 56065, 17258, 214, 0, 100, 1
08:49:54.755, 65.22, 70, 54184, 17337, 214, 0, 100, 1
08:49:54.895, 65.22, 70, 55807, 17870, 214, 0, 100, 1
08:49:54.971, 65.22, 70, 55697, 17576, 214, 0, 100, 1
08:49:55.081, 65.22, 70, 55623, 17907, 214, 0, 100, 1
08:49:55.150, 62.5, 66, 56585, 18265, 214, 0, 100, 1
08:49:55.295, 62.5, 66, 57426, 18499, 214, 0, 100, 1
08:49:55.366, 62.5, 66, 57250, 17650, 214, 0, 100, 1
08:49:55.473, 62.5, 66, 53183, 16889, 214, 0, 100, 1
08:49:55.547, 62.5, 66, 54296, 17359, 214, 0, 100, 1
08:49:55.686, 62.5, 66, 54715, 17158, 214, 0, 100, 1
08:49:55.759, 62.5, 66, 54169, 17239, 214, 0, 100, 1
08:49:55.863, 62.5, 66, 55454, 17798, 214, 0, 100, 1
08:49:55.967, 62.5, 66, 56110, 17978, 214, 0, 100, 1
08:49:56.072, 62.5, 66, 56366, 17478, 214, 0, 100, 1
08:49:56.145, 62.5, 66, 53174, 16347, 214, 0, 100, 1
08:49:56.293, 62.5, 66, 53164, 16914, 214, 0, 100, 1
08:49:56.363, 62.5, 66, 53974, 16995, 214, 0, 100, 1
08:49:56.470, 62.5, 66, 53294, 16880, 214, 0, 100, 1
08:49:56.577, 62.5, 66, 54102, 17315, 214, 0, 100, 1
08:49:56.683, 62.5, 66, 55451, 17757, 214, 0, 100, 1
08:49:56.750, 62.5, 66, 55906, 17923, 214, 0, 100, 1
08:49:56.891, 62.5, 66, 54163, 16528, 214, 0, 100, 1
08:49:56.959, 62.5, 66, 52451, 16664, 214, 0, 100, 1
08:49:57.068, 62.5, 66, 54088, 17179, 214, 0, 100, 1
08:49:57.171, 75, 68, 53999, 16941, 214, 0, 100, 1
08:49:57.276, 75, 68, 54149, 17352, 214, 0, 100, 1
08:49:57.345, 75, 68, 55189, 17749, 214, 0, 100, 1
08:49:57.488, 75, 68, 56129, 18018, 214, 0, 100, 1
08:49:57.561, 75, 68, 56471, 17785, 214, 0, 100, 1
08:49:57.671, 75, 68, 53331, 16863, 214, 0, 100, 1
08:49:57.746, 75, 68, 53976, 17267, 214, 0, 100, 1
08:49:57.892, 75, 68, 54827, 17233, 166, 0, 100, 1
08:49:57.964, 75, 68, 54237, 17230, 166, 0, 100, 1
08:49:58.071, 75, 68, 55302, 17779, 166, 0, 100, 1
08:49:58.143, 75, 68, 56076, 17995, 166, 0, 100, 1
08:49:58.286, 75, 68, 56240, 17472, 166, 0, 100, 1
08:49:58.354, 75, 68, 53353, 16479, 166, 0, 100, 1
08:49:58.461, 75, 68, 53179, 16894, 166, 0, 100, 1
08:49:58.567, 75, 68, 53883, 16917, 166, 0, 100, 1
08:49:58.668, 75, 68, 53244, 16841, 166, 0, 100, 1
08:49:58.775, 75, 68, 53932, 17237, 166, 0, 100, 1
08:49:58.880, 75, 68, 55127, 17622, 166, 0, 100, 1
08:49:58.949, 75, 68, 55529, 17735, 166, 0, 100, 1
08:49:59.093, 75, 68, 53174, 16215, 166, 0, 100, 1
08:49:59.162, 75, 68, 51840, 16383, 166, 0, 100, 1
08:49:59.272, 71.34, 68, 53090, 16753, 166, 0, 100, 1
08:49:59.343, 71.34, 68, 53148, 16762, 166, 0, 100, 1
08:49:59.482, 71.34, 68, 54538, 17601, 166, 0, 100, 1
08:49:59.555, 71.34, 68, 55451, 17805, 166, 0, 100, 1
08:49:59.662, 71.34, 68, 55793, 17962, 166, 0, 100, 1
08:49:59.768, 71.34, 68, 55969, 17652, 166, 0, 100, 1
08:49:59.874, 71.34, 68, 52285, 16412, 166, 0, 100, 1
08:49:59.942, 71.34, 68, 52607, 16749, 166, 0, 100, 1
08:50:00.084, 71.34, 68, 53255, 16726, 166, 0, 100, 1
08:50:00.155, 71.34, 68, 52685, 16685, 166, 0, 100, 1
08:50:00.300, 71.34, 68, 53682, 17207, 166, 0, 100, 1
08:50:00.369, 71.34, 68, 54379, 17450, 150, 0, 98, 1
08:50:00.475, 71.34, 68, 54731, 17555, 150, 0, 98, 1
08:50:00.544, 71.34, 68, 54915, 17524, 150, 0, 98, 1
08:50:00.691, 71.34, 68, 51704, 16016, 150, 0, 98, 1
08:50:00.761, 71.34, 68, 51343, 16346, 150, 0, 98, 1
08:50:00.863, 71.34, 68, 52405, 16509, 150, 0, 98, 1
08:50:00.970, 71.34, 68, 51896, 16403, 150, 0, 98, 1
08:50:01.077, 83.33, 72, 52760, 16971, 150, 0, 98, 1
08:50:01.148, 83.33, 72, 53640, 17268, 150, 0, 98, 1
08:50:01.291, 83.33, 72, 54324, 17483, 150, 0, 98, 1
08:50:01.363, 83.33, 72, 54560, 17624, 150, 0, 98, 1
08:50:01.474, 83.33, 72, 53872, 16620, 150, 0, 98, 1
08:50:01.545, 83.33, 72, 51660, 16463, 150, 0, 98, 1
08:50:01.685, 83.33, 72, 52890, 16972, 150, 0, 98, 1
08:50:01.751, 83.33, 72, 53047, 16773, 150, 0, 98, 1
08:50:01.889, 83.33, 72, 52621, 16882, 150, 0, 98, 1
08:50:01.963, 83.33, 72, 53244, 17162, 150, 0, 98, 1
08:50:02.064, 83.33, 72, 53358, 17014, 150, 0, 98, 1
08:50:02.173, 83.33, 72, 52934, 16929, 150, 0, 98, 1
08:50:02.281, 83.33, 72, 51172, 16012, 150, 0, 98, 1
08:50:02.353, 83.33, 72, 51256, 16634, 150, 0, 98, 1
08:50:02.496, 83.33, 72, 52963, 17001, 150, 0, 98, 1
08:50:02.570, 83.33, 72, 52731, 16707, 150, 0, 98, 1
08:50:02.672, 83.33, 72, 50870, 14853, 150, 0, 98, 1
08:50:02.743, 83.33, 72, 6321, 19395, 150, 0, 98, 1
08:50:02.879, 83.33, 72, 2803, 2277, 187, 0, 93, 1
08:50:02.955, 83.33, 72, 2223, 2227, 187, 0, 93, 1
08:50:03.063, 83.33, 72, 2205, 2211, 187, 0, 93, 1
08:50:03.170, 83.33, 72, 2161, 2171, 187, 0, 93, 1
08:50:03.277, 83.33, 72, 2161, 2168, 187, 0, 93, 1
08:50:03.346, 65.15, 73, 2228, 2156, 187, 0, 93, 1
08:50:03.486, 65.15, 73, 2255, 2161, 187, 0, 93, 1
08:50:03.555, 65.15, 73, 2300, 2153, 187, 0, 93, 1
08:50:03.690, 65.15, 73, 2305, 2162, 187, 0, 93, 1
08:50:03.761, 65.15, 73, 2336, 2155, 187, 0, 93, 1
08:50:03.867, 65.15, 73, 2341, 2152, 187, 0, 93, 1
08:50:03.973, 65.15, 73, 2320, 2148, 187, 0, 93, 1
08:50:04.075, 65.15, 73, 2306, 2149, 187, 0, 93, 1
08:50:04.147, 65.15, 73, 2290, 2139, 187, 0, 93, 1
08:50:04.286, 65.15, 73, 2292, 2146, 187, 0, 93, 1
08:50:04.354, 65.15, 73, 2286, 2133, 187, 0, 93, 1
08:50:04.494, 65.15, 73, 2292, 2140, 187, 0, 93, 1